DEPARTAMENTO,MUNICIPIO,anio,cobertura_neta_pct,cobertura_neta_ha,base_ha_2000
Santander,Bucaramanga,2022,96.76237018937078,11547.359999999999,11933.73
Santander,Aguada,2022,94.64956647398843,7073.7300000000005,7473.6
Santander,Albania,2022,98.05180615555294,15749.64,16062.57
Santander,Aratoca,2022,96.82987652819172,7163.91,7398.45
Santander,Barbosa,2022,90.82836833751237,3553.56,3912.39
Santander,Barichara,2022,97.5367630004175,5677.02,5820.39
Santander,Barrancabermeja,2022,77.30295505890142,72092.79000000001,93260.07
Santander,Betulia,2022,88.06672224430248,32705.549999999996,37137.24
Santander,Bolívar,2022,82.18956353284199,75221.82,91522.35
Santander,Cabrera,2022,92.343882853094,4398.57,4763.25
Santander,California,2022,98.32976041838442,3756.6,3820.41
Santander,Capitanejo,2022,99.61876832844574,3668.76,3682.8
Santander,Carcasí,2022,99.35489369513483,13639.41,13727.97
Santander,Cepitá,2022,99.12877216400007,4946.04,4989.51
Santander,Cerrito,2022,98.80031857086689,8820.27,8927.37
Santander,Charalá,2022,98.58422197541083,36667.8,37194.39
Santander,Charta,2022,97.96635759165497,11562.929999999998,11802.96
Santander,Chima,2022,97.80790853687343,16769.43,17145.27
Santander,Chipatá,2022,96.184994504541,5985.9,6223.32
Santander,Cimitarra,2022,76.26758049379714,176126.31,230932.08
Santander,Concepción,2022,99.47519802427492,11890.35,11953.08
Santander,Confines,2022,93.27294442462502,5412.06,5802.39
Santander,Contratación,2022,98.87758833336433,14358.42,14521.41
Santander,Coromoro,2022,98.9931116449191,53223.3,53764.65
Santander,Curití,2022,93.25625014472395,10873.8,11660.13
Santander,El Carmen de Chucurí,2022,90.6871399947023,88432.83,97514.19
Santander,El Guacamayo,2022,97.35367313208839,9224.28,9475.02
Santander,El Peñón,2022,90.25460616791221,38629.17,42800.22
Santander,El Playón,2022,93.9302777591605,44146.619999999995,46999.35
Santander,Encino,2022,98.77499648212137,34114.770000000004,34537.86
Santander,Enciso,2022,99.4178767134425,5502.69,5534.91
Santander,Florián,2022,97.44900503715526,17585.550000000003,18045.9
Santander,Floridablanca,2022,96.05154451132499,8056.89,8388.09
Santander,Galán,2022,96.26169806847815,15348.87,15944.94
Santander,Gámbita,2022,97.98243472096412,55977.12,57129.75
Santander,Girón,2022,88.45115106663023,25643.97,28992.24
Santander,Guaca,2022,98.90633564404321,13804.11,13956.75
Santander,Guadalupe,2022,97.45025624556754,13108.95,13451.94
Santander,Guapotá,2022,97.12714515976107,5531.76,5695.38
Santander,Guavatá,2022,97.90071863771286,9023.94,9217.44
Santander,Güepsa,2022,89.49850396773773,2476.71,2767.32
Santander,Hato,2022,97.85369685325635,16593.57,16957.53
Santander,Jesús María,2022,98.22468542230358,8788.859999999999,8947.71
Santander,Jordán,2022,98.57462471131639,2458.5299999999997,2494.08
Santander,La Belleza,2022,92.26502850829601,33671.79,36494.64
Santander,Landázuri,2022,89.84739243433941,55101.51,61327.89
Santander,La Paz,2022,97.38743714210972,30153.780000000002,30962.7
Santander,Lebrija,2022,88.73998970153852,37069.560000000005,41773.23
Santander,Los Santos,2022,97.5020768824107,4647.6900000000005,4766.76
Santander,Macaravita,2022,99.13781803882732,6126.39,6179.67
Santander,Málaga,2022,99.33632286995515,2492.1,2508.75
Santander,Matanza,2022,97.49544025767396,22611.239999999998,23192.1
Santander,Mogotes,2022,97.07591459493229,38038.77,39184.56
Santander,Molagavita,2022,99.08785072659799,10285.199999999999,10379.88
Santander,Ocamonte,2022,96.26958296557811,6282.63,6526.08
Santander,Oiba,2022,97.60229546772501,26205.66,26849.43
Santander,Onzaga,2022,99.37858691900965,41984.73,42247.26
Santander,Palmar,2022,91.39644351464435,1258.2,1376.64
Santander,Palmas del Socorro,2022,96.01681788006196,4686.120000000001,4880.52
Santander,Páramo,2022,88.80365835668978,3792.6000000000004,4270.77
Santander,Piedecuesta,2022,96.43855721393035,34891.47,36180
Santander,Pinchote,2022,94.27381465296158,4135.5,4386.69
Santander,Puente Nacional,2022,97.68935455490681,21985.38,22505.4
Santander,Puerto Parra,2022,68.90002465999451,39982.14,58029.21
Santander,Puerto Wilches,2022,75.20512193001382,84077.01,111796.92
Santander,Rionegro,2022,86.82949546972092,65609.73000000001,75561.57
Santander,Sabana de Torres,2022,74.98307615220214,65994.03,88011.9
Santander,San Andrés,2022,99.07210242289287,20141.190000000002,20329.83
Santander,San Benito,2022,91.22650496741316,5429.61,5951.79
Santander,San Gil,2022,94.03630273402136,7478.82,7953.12
Santander,San Joaquín,2022,98.60894552519655,10871.369999999999,11024.73
Santander,San José de Miranda,2022,99.06370479162842,1942.5600000000002,1960.92
Santander,San Miguel,2022,99.29062563823268,6563.16,6610.05
Santander,San Vicente de Chucurí,2022,83.82605451342108,90994.23,108551.25
Santander,Santa Bárbara,2022,98.75923206380175,16583.670000000002,16792.02
Santander,Santa Helena del Opón,2022,94.59530020612392,40435.829999999994,42746.13
Santander,Simacota,2022,79.25995643638905,66317.4,83670.75
Santander,Socorro,2022,93.73918016569803,10916.19,11645.28
Santander,Suaita,2022,97.11688208779184,28679.129999999997,29530.53
Santander,Sucre,2022,94.11445638020285,50283.18,53427.69
Santander,Suratá,2022,98.43951108498742,29392.02,29857.95
Santander,Tona,2022,98.47246359441482,14788.89,15018.3
Santander,Valle de San José,2022,95.22384486473545,6443.55,6766.74
Santander,Vélez,2022,93.25661385195063,41922,44953.38
Santander,Vetas,2022,98.55151185949664,2939.2200000000003,2982.42
Santander,Villanueva,2022,98.10310057978322,1401.03,1428.12
Santander,Zapatoca,2022,96.07242389595542,19359.9,20151.36
