from_id,05 - MEDELLÍN,08 - BARRANQUILLA,"11 - BOGOTÁ, D.C.",13 - CARTAGENA DE INDIAS,15 - TUNJA,17 - MANIZALES,18 - FLORENCIA,19 - POPAYÁN,20 - ASTREA,23 - MONTERÍA,25 - ALBÁN,27 - RIOSUCIO,41 - NEIVA,44 - BARRANCAS,47 - PEDRAZA,50 - VILLAVICENCIO,52 - SANDONÁ,54 - SAN JOSÉ DE CÚCUTA,63 - ARMENIA,66 - PEREIRA,68 - AGUADA,70 - SINCELEJO,73 - IBAGUÉ,76 - CALI,81 - ARAUCA,85 - YOPAL,86 - MOCOA,88 - SAN ANDRÉS,91 - LETICIA,94 - INÍRIDA,95 - SAN JOSÉ DEL GUAVIARE,97 - MITÚ,99 - SANTA ROSALÍA
05 - MEDELLÍN,0,713.76,NA,646.96,418.99,218.04,819.69,576.08,647.66,420.59,342.57,NA,603.07,NA,622.81,524.27,826.83,613.82,315.44,258.52,360.42,466.75,376.12,447.8,NA,632.45,915.08,NA,NA,NA,NA,NA,NA
08 - BARRANQUILLA,721.85,0,NA,118.68,871.34,932.15,1416.43,1290.19,284.21,389.95,939.3,NA,1199.8,NA,133.45,1121,1705.83,680.9,1097.76,972.63,862.13,257.88,1008.35,1161.91,NA,1112.1,1511.81,NA,NA,NA,NA,NA,NA
"11 - BOGOTÁ, D.C.",NA,NA,NA,NA,NA,NA,NA,NA,NA,NA,NA,NA,NA,NA,NA,NA,NA,NA,NA,NA,NA,NA,NA,NA,NA,NA,NA,NA,NA,NA,NA,NA,NA
13 - CARTAGENA DE INDIAS,654.51,119.46,NA,0,906.46,864.81,1384.28,1222.85,342.05,322.62,907.15,NA,1167.65,NA,208.24,1088.85,1673.68,716.02,962.21,905.29,897.25,190.54,976.2,1094.57,NA,1147.22,1479.66,NA,NA,NA,NA,NA,NA
15 - TUNJA,420.34,869.97,NA,907.87,0,411,677.77,732.2,638.56,658.65,185.24,NA,461.15,NA,825.12,269.63,967.17,446.63,426.12,462.37,113.77,704.81,343.7,609.39,NA,254.25,773.16,NA,NA,NA,NA,NA,NA
17 - MANIZALES,219.46,930.9,NA,864.1,418.68,0,593.51,400.91,819.84,637.73,234.78,NA,376.89,NA,839.96,407.62,651.66,786,110.72,72.09,532.6,683.89,171.4,272.63,NA,689.06,688.9,NA,NA,NA,NA,NA,NA
18 - FLORENCIA,820.82,1414.14,NA,1384.48,669.09,603.88,0,271.87,1182.73,1158.11,524.49,NA,233.57,NA,1369.29,636.74,423.38,1148.89,518.89,555.14,767.54,1204.27,436.48,405.35,NA,918.18,229.36,NA,NA,NA,NA,NA,NA
19 - POPAYÁN,573.38,1284.83,NA,1218.03,713.73,397.59,306.4,0,1162.3,991.65,569.13,NA,278.22,NA,1193.88,681.38,264.65,1128.46,307.81,338.2,812.18,1037.82,394.58,145.47,NA,962.82,286.25,NA,NA,NA,NA,NA,NA
20 - ASTREA,648,281.64,NA,342.28,637.54,819.15,1182.63,1175.51,0,433.02,705.5,NA,966.01,NA,236.8,887.21,1472.03,447.1,863.97,898.77,628.34,300.94,774.56,1047.24,NA,878.31,1278.02,NA,NA,NA,NA,NA,NA
23 - MONTERÍA,428.83,394.41,NA,327.6,658.68,639.12,1158.59,997.16,437.27,0,681.46,NA,941.97,NA,303.46,863.17,1447.99,731.38,736.53,679.6,600.12,147.4,750.51,868.89,NA,872.15,1253.97,NA,NA,NA,NA,NA,NA
25 - ALBÁN,344.08,937.39,NA,907.74,192.78,234.61,524.75,579.18,705.98,681.37,0,NA,308.13,NA,892.55,181.71,814.15,672.14,265.07,301.32,276.35,727.53,175.66,448.34,NA,463.16,620.14,NA,NA,NA,NA,NA,NA
27 - RIOSUCIO,NA,NA,NA,NA,NA,NA,NA,NA,NA,NA,NA,NA,NA,NA,NA,NA,NA,NA,NA,NA,NA,NA,NA,NA,NA,NA,NA,NA,NA,NA,NA,NA,NA
41 - NEIVA,603.96,1197.27,NA,1167.61,452.22,387.01,234.66,289.08,965.86,941.24,307.62,NA,0,NA,1152.42,419.87,524.06,932.02,302.02,338.27,550.67,987.4,219.61,377.94,NA,701.31,330.04,NA,NA,NA,NA,NA,NA
44 - BARRANCAS,NA,NA,NA,NA,NA,NA,NA,NA,NA,NA,NA,NA,NA,NA,NA,NA,NA,NA,NA,NA,NA,NA,NA,NA,NA,NA,NA,NA,NA,NA,NA,NA,NA
47 - PEDRAZA,631.03,132.18,NA,208.39,823.85,841.33,1368.94,1199.37,236.72,299.14,891.81,NA,1152.31,NA,0,1073.51,1658.34,633.41,1050.27,881.81,814.64,167.06,960.86,1071.09,NA,1064.62,1464.32,NA,NA,NA,NA,NA,NA
50 - VILLAVICENCIO,538.72,1132.03,NA,1102.38,271.31,409.07,639.6,694.03,900.63,876.01,183.31,NA,422.98,NA,1087.19,0,929,754.49,389.53,425.78,369.76,922.17,307.11,572.81,NA,310.2,734.99,NA,NA,NA,NA,NA,NA
52 - SANDONÁ,824.34,1704.26,NA,1674.6,959.21,648.55,424.83,266.21,1472.85,1448.23,814.61,NA,523.7,NA,1659.41,926.86,0,1439.01,558.76,589.16,1057.66,1494.39,726.6,396.43,NA,1208.3,195.33,NA,NA,NA,NA,NA,NA
54 - SAN JOSÉ DE CÚCUTA,613.31,678.32,NA,716.22,446.44,784.46,1147.95,1140.83,446.91,726.71,670.82,NA,931.32,NA,633.47,765.67,1437.35,0,829.28,864.09,435.76,594.63,739.87,1012.55,NA,585.06,1243.33,NA,NA,NA,NA,NA,NA
63 - ARMENIA,322.4,1093.64,NA,1063.99,416.26,116.05,516.63,309.74,862.23,837.62,259.76,NA,300.01,NA,1048.8,383.9,560.49,828.39,0,62.51,514.7,883.78,94.52,181.47,NA,665.35,612.02,NA,NA,NA,NA,NA,NA
66 - PEREIRA,264.29,975.74,NA,908.93,445.12,70.52,545.49,346.72,891.1,682.56,288.62,NA,328.87,NA,884.79,412.76,597.47,857.26,55.32,0,543.56,728.73,123.38,218.44,NA,694.21,640.88,NA,NA,NA,NA,NA,NA
68 - AGUADA,361.45,800.75,NA,838.65,113.51,532.6,766.03,820.45,569.34,599.76,271.65,NA,549.4,NA,755.9,367.97,1055.43,422.79,577.42,612.23,0,645.92,488.01,760.69,NA,320.46,861.41,NA,NA,NA,NA,NA,NA
70 - SINCELEJO,474.78,258.43,NA,191.62,704.64,685.08,1204.55,1043.12,301.29,142.89,727.42,NA,987.92,NA,167.48,909.12,1493.95,595.4,782.48,725.56,646.08,0,796.47,914.84,NA,918.11,1299.93,NA,NA,NA,NA,NA,NA
73 - IBAGUÉ,414.12,1007.44,NA,977.78,339.48,180.22,439.86,406.78,776.03,751.41,173.55,NA,223.23,NA,962.59,307.13,729.26,742.19,95.23,131.48,488.79,797.57,0,278.5,NA,588.58,535.24,NA,NA,NA,NA,NA,NA
76 - CALI,452.6,1164.05,NA,1097.24,595.54,276.81,404.21,148.35,1041.52,870.87,439.04,NA,376.03,NA,1073.1,563.19,399.1,1007.68,187.03,217.42,693.98,917.03,273.8,0,NA,844.63,421.94,NA,NA,NA,NA,NA,NA
81 - ARAUCA,NA,NA,NA,NA,NA,NA,NA,NA,NA,NA,NA,NA,NA,NA,NA,NA,NA,NA,NA,NA,NA,NA,NA,NA,NA,NA,NA,NA,NA,NA,NA,NA,NA
85 - YOPAL,633,1050.34,NA,1088.25,253.74,686.22,916.74,971.17,818.93,871.3,460.46,NA,700.12,NA,1005.49,308.1,1206.15,586.07,666.68,702.93,320.09,917.46,584.26,849.95,NA,0,1012.13,NA,NA,NA,NA,NA,NA
86 - MOCOA,916.16,1509.47,NA,1479.81,764.42,699.21,230.05,286.28,1278.06,1253.44,619.83,NA,328.91,NA,1464.62,732.07,194.56,1244.22,614.23,650.47,862.87,1299.61,531.81,419.87,NA,1013.52,0,NA,NA,NA,NA,NA,NA
88 - SAN ANDRÉS,NA,NA,NA,NA,NA,NA,NA,NA,NA,NA,NA,NA,NA,NA,NA,NA,NA,NA,NA,NA,NA,NA,NA,NA,NA,NA,NA,0,NA,NA,NA,NA,NA
91 - LETICIA,NA,NA,NA,NA,NA,NA,NA,NA,NA,NA,NA,NA,NA,NA,NA,NA,NA,NA,NA,NA,NA,NA,NA,NA,NA,NA,NA,NA,NA,NA,NA,NA,NA
94 - INÍRIDA,NA,NA,NA,NA,NA,NA,NA,NA,NA,NA,NA,NA,NA,NA,NA,NA,NA,NA,NA,NA,NA,NA,NA,NA,NA,NA,NA,NA,NA,NA,NA,NA,NA
95 - SAN JOSÉ DEL GUAVIARE,NA,NA,NA,NA,NA,NA,NA,NA,NA,NA,NA,NA,NA,NA,NA,NA,NA,NA,NA,NA,NA,NA,NA,NA,NA,NA,NA,NA,NA,NA,NA,NA,NA
97 - MITÚ,NA,NA,NA,NA,NA,NA,NA,NA,NA,NA,NA,NA,NA,NA,NA,NA,NA,NA,NA,NA,NA,NA,NA,NA,NA,NA,NA,NA,NA,NA,NA,NA,NA
99 - SANTA ROSALÍA,NA,NA,NA,NA,NA,NA,NA,NA,NA,NA,NA,NA,NA,NA,NA,NA,NA,NA,NA,NA,NA,NA,NA,NA,NA,NA,NA,NA,NA,NA,NA,NA,NA
