from_id,to_id,dist_km,from_depto,from_mpio,from_depto_id,to_depto,to_mpio,to_depto_id
05 - MEDELLÍN,08 - BARRANQUILLA,NA,05,MEDELLÍN,05,08,BARRANQUILLA,08
05 - MEDELLÍN,"11 - BOGOTÁ, D.C.",NA,05,MEDELLÍN,05,11,"BOGOTÁ, D.C.",11
08 - BARRANQUILLA,"11 - BOGOTÁ, D.C.",NA,08,BARRANQUILLA,08,11,"BOGOTÁ, D.C.",11
05 - MEDELLÍN,13 - CARTAGENA DE INDIAS,NA,05,MEDELLÍN,05,13,CARTAGENA DE INDIAS,13
08 - BARRANQUILLA,13 - CARTAGENA DE INDIAS,NA,08,BARRANQUILLA,08,13,CARTAGENA DE INDIAS,13
"11 - BOGOTÁ, D.C.",13 - CARTAGENA DE INDIAS,NA,11,"BOGOTÁ, D.C.",11,13,CARTAGENA DE INDIAS,13
05 - MEDELLÍN,15 - TUNJA,NA,05,MEDELLÍN,05,15,TUNJA,15
08 - BARRANQUILLA,15 - TUNJA,NA,08,BARRANQUILLA,08,15,TUNJA,15
"11 - BOGOTÁ, D.C.",15 - TUNJA,NA,11,"BOGOTÁ, D.C.",11,15,TUNJA,15
13 - CARTAGENA DE INDIAS,15 - TUNJA,NA,13,CARTAGENA DE INDIAS,13,15,TUNJA,15
05 - MEDELLÍN,17 - MANIZALES,NA,05,MEDELLÍN,05,17,MANIZALES,17
08 - BARRANQUILLA,17 - MANIZALES,NA,08,BARRANQUILLA,08,17,MANIZALES,17
"11 - BOGOTÁ, D.C.",17 - MANIZALES,NA,11,"BOGOTÁ, D.C.",11,17,MANIZALES,17
13 - CARTAGENA DE INDIAS,17 - MANIZALES,NA,13,CARTAGENA DE INDIAS,13,17,MANIZALES,17
15 - TUNJA,17 - MANIZALES,NA,15,TUNJA,15,17,MANIZALES,17
05 - MEDELLÍN,18 - FLORENCIA,NA,05,MEDELLÍN,05,18,FLORENCIA,18
08 - BARRANQUILLA,18 - FLORENCIA,NA,08,BARRANQUILLA,08,18,FLORENCIA,18
"11 - BOGOTÁ, D.C.",18 - FLORENCIA,NA,11,"BOGOTÁ, D.C.",11,18,FLORENCIA,18
13 - CARTAGENA DE INDIAS,18 - FLORENCIA,NA,13,CARTAGENA DE INDIAS,13,18,FLORENCIA,18
15 - TUNJA,18 - FLORENCIA,NA,15,TUNJA,15,18,FLORENCIA,18
17 - MANIZALES,18 - FLORENCIA,NA,17,MANIZALES,17,18,FLORENCIA,18
05 - MEDELLÍN,19 - POPAYÁN,NA,05,MEDELLÍN,05,19,POPAYÁN,19
08 - BARRANQUILLA,19 - POPAYÁN,NA,08,BARRANQUILLA,08,19,POPAYÁN,19
"11 - BOGOTÁ, D.C.",19 - POPAYÁN,NA,11,"BOGOTÁ, D.C.",11,19,POPAYÁN,19
13 - CARTAGENA DE INDIAS,19 - POPAYÁN,NA,13,CARTAGENA DE INDIAS,13,19,POPAYÁN,19
15 - TUNJA,19 - POPAYÁN,NA,15,TUNJA,15,19,POPAYÁN,19
17 - MANIZALES,19 - POPAYÁN,NA,17,MANIZALES,17,19,POPAYÁN,19
18 - FLORENCIA,19 - POPAYÁN,NA,18,FLORENCIA,18,19,POPAYÁN,19
05 - MEDELLÍN,20 - ASTREA,NA,05,MEDELLÍN,05,20,ASTREA,20
08 - BARRANQUILLA,20 - ASTREA,NA,08,BARRANQUILLA,08,20,ASTREA,20
"11 - BOGOTÁ, D.C.",20 - ASTREA,NA,11,"BOGOTÁ, D.C.",11,20,ASTREA,20
13 - CARTAGENA DE INDIAS,20 - ASTREA,NA,13,CARTAGENA DE INDIAS,13,20,ASTREA,20
15 - TUNJA,20 - ASTREA,NA,15,TUNJA,15,20,ASTREA,20
17 - MANIZALES,20 - ASTREA,NA,17,MANIZALES,17,20,ASTREA,20
18 - FLORENCIA,20 - ASTREA,NA,18,FLORENCIA,18,20,ASTREA,20
19 - POPAYÁN,20 - ASTREA,NA,19,POPAYÁN,19,20,ASTREA,20
05 - MEDELLÍN,23 - MONTERÍA,NA,05,MEDELLÍN,05,23,MONTERÍA,23
08 - BARRANQUILLA,23 - MONTERÍA,NA,08,BARRANQUILLA,08,23,MONTERÍA,23
"11 - BOGOTÁ, D.C.",23 - MONTERÍA,NA,11,"BOGOTÁ, D.C.",11,23,MONTERÍA,23
13 - CARTAGENA DE INDIAS,23 - MONTERÍA,NA,13,CARTAGENA DE INDIAS,13,23,MONTERÍA,23
15 - TUNJA,23 - MONTERÍA,NA,15,TUNJA,15,23,MONTERÍA,23
17 - MANIZALES,23 - MONTERÍA,NA,17,MANIZALES,17,23,MONTERÍA,23
18 - FLORENCIA,23 - MONTERÍA,NA,18,FLORENCIA,18,23,MONTERÍA,23
19 - POPAYÁN,23 - MONTERÍA,NA,19,POPAYÁN,19,23,MONTERÍA,23
20 - ASTREA,23 - MONTERÍA,NA,20,ASTREA,20,23,MONTERÍA,23
05 - MEDELLÍN,25 - ALBÁN,NA,05,MEDELLÍN,05,25,ALBÁN,25
08 - BARRANQUILLA,25 - ALBÁN,NA,08,BARRANQUILLA,08,25,ALBÁN,25
"11 - BOGOTÁ, D.C.",25 - ALBÁN,NA,11,"BOGOTÁ, D.C.",11,25,ALBÁN,25
13 - CARTAGENA DE INDIAS,25 - ALBÁN,NA,13,CARTAGENA DE INDIAS,13,25,ALBÁN,25
15 - TUNJA,25 - ALBÁN,NA,15,TUNJA,15,25,ALBÁN,25
17 - MANIZALES,25 - ALBÁN,NA,17,MANIZALES,17,25,ALBÁN,25
18 - FLORENCIA,25 - ALBÁN,NA,18,FLORENCIA,18,25,ALBÁN,25
19 - POPAYÁN,25 - ALBÁN,NA,19,POPAYÁN,19,25,ALBÁN,25
20 - ASTREA,25 - ALBÁN,NA,20,ASTREA,20,25,ALBÁN,25
23 - MONTERÍA,25 - ALBÁN,NA,23,MONTERÍA,23,25,ALBÁN,25
05 - MEDELLÍN,27 - RIOSUCIO,NA,05,MEDELLÍN,05,27,RIOSUCIO,27
08 - BARRANQUILLA,27 - RIOSUCIO,NA,08,BARRANQUILLA,08,27,RIOSUCIO,27
"11 - BOGOTÁ, D.C.",27 - RIOSUCIO,NA,11,"BOGOTÁ, D.C.",11,27,RIOSUCIO,27
13 - CARTAGENA DE INDIAS,27 - RIOSUCIO,NA,13,CARTAGENA DE INDIAS,13,27,RIOSUCIO,27
15 - TUNJA,27 - RIOSUCIO,NA,15,TUNJA,15,27,RIOSUCIO,27
17 - MANIZALES,27 - RIOSUCIO,NA,17,MANIZALES,17,27,RIOSUCIO,27
18 - FLORENCIA,27 - RIOSUCIO,NA,18,FLORENCIA,18,27,RIOSUCIO,27
19 - POPAYÁN,27 - RIOSUCIO,NA,19,POPAYÁN,19,27,RIOSUCIO,27
20 - ASTREA,27 - RIOSUCIO,NA,20,ASTREA,20,27,RIOSUCIO,27
23 - MONTERÍA,27 - RIOSUCIO,NA,23,MONTERÍA,23,27,RIOSUCIO,27
25 - ALBÁN,27 - RIOSUCIO,NA,25,ALBÁN,25,27,RIOSUCIO,27
05 - MEDELLÍN,41 - NEIVA,NA,05,MEDELLÍN,05,41,NEIVA,41
08 - BARRANQUILLA,41 - NEIVA,NA,08,BARRANQUILLA,08,41,NEIVA,41
"11 - BOGOTÁ, D.C.",41 - NEIVA,NA,11,"BOGOTÁ, D.C.",11,41,NEIVA,41
13 - CARTAGENA DE INDIAS,41 - NEIVA,NA,13,CARTAGENA DE INDIAS,13,41,NEIVA,41
15 - TUNJA,41 - NEIVA,NA,15,TUNJA,15,41,NEIVA,41
17 - MANIZALES,41 - NEIVA,NA,17,MANIZALES,17,41,NEIVA,41
18 - FLORENCIA,41 - NEIVA,NA,18,FLORENCIA,18,41,NEIVA,41
19 - POPAYÁN,41 - NEIVA,NA,19,POPAYÁN,19,41,NEIVA,41
20 - ASTREA,41 - NEIVA,NA,20,ASTREA,20,41,NEIVA,41
23 - MONTERÍA,41 - NEIVA,NA,23,MONTERÍA,23,41,NEIVA,41
25 - ALBÁN,41 - NEIVA,NA,25,ALBÁN,25,41,NEIVA,41
27 - RIOSUCIO,41 - NEIVA,NA,27,RIOSUCIO,27,41,NEIVA,41
05 - MEDELLÍN,44 - BARRANCAS,NA,05,MEDELLÍN,05,44,BARRANCAS,44
08 - BARRANQUILLA,44 - BARRANCAS,NA,08,BARRANQUILLA,08,44,BARRANCAS,44
"11 - BOGOTÁ, D.C.",44 - BARRANCAS,NA,11,"BOGOTÁ, D.C.",11,44,BARRANCAS,44
13 - CARTAGENA DE INDIAS,44 - BARRANCAS,NA,13,CARTAGENA DE INDIAS,13,44,BARRANCAS,44
15 - TUNJA,44 - BARRANCAS,NA,15,TUNJA,15,44,BARRANCAS,44
17 - MANIZALES,44 - BARRANCAS,NA,17,MANIZALES,17,44,BARRANCAS,44
18 - FLORENCIA,44 - BARRANCAS,NA,18,FLORENCIA,18,44,BARRANCAS,44
19 - POPAYÁN,44 - BARRANCAS,NA,19,POPAYÁN,19,44,BARRANCAS,44
20 - ASTREA,44 - BARRANCAS,NA,20,ASTREA,20,44,BARRANCAS,44
23 - MONTERÍA,44 - BARRANCAS,NA,23,MONTERÍA,23,44,BARRANCAS,44
25 - ALBÁN,44 - BARRANCAS,NA,25,ALBÁN,25,44,BARRANCAS,44
27 - RIOSUCIO,44 - BARRANCAS,NA,27,RIOSUCIO,27,44,BARRANCAS,44
41 - NEIVA,44 - BARRANCAS,NA,41,NEIVA,41,44,BARRANCAS,44
05 - MEDELLÍN,47 - PEDRAZA,NA,05,MEDELLÍN,05,47,PEDRAZA,47
08 - BARRANQUILLA,47 - PEDRAZA,NA,08,BARRANQUILLA,08,47,PEDRAZA,47
"11 - BOGOTÁ, D.C.",47 - PEDRAZA,NA,11,"BOGOTÁ, D.C.",11,47,PEDRAZA,47
13 - CARTAGENA DE INDIAS,47 - PEDRAZA,NA,13,CARTAGENA DE INDIAS,13,47,PEDRAZA,47
15 - TUNJA,47 - PEDRAZA,NA,15,TUNJA,15,47,PEDRAZA,47
17 - MANIZALES,47 - PEDRAZA,NA,17,MANIZALES,17,47,PEDRAZA,47
18 - FLORENCIA,47 - PEDRAZA,NA,18,FLORENCIA,18,47,PEDRAZA,47
19 - POPAYÁN,47 - PEDRAZA,NA,19,POPAYÁN,19,47,PEDRAZA,47
20 - ASTREA,47 - PEDRAZA,NA,20,ASTREA,20,47,PEDRAZA,47
23 - MONTERÍA,47 - PEDRAZA,NA,23,MONTERÍA,23,47,PEDRAZA,47
25 - ALBÁN,47 - PEDRAZA,NA,25,ALBÁN,25,47,PEDRAZA,47
27 - RIOSUCIO,47 - PEDRAZA,NA,27,RIOSUCIO,27,47,PEDRAZA,47
41 - NEIVA,47 - PEDRAZA,NA,41,NEIVA,41,47,PEDRAZA,47
44 - BARRANCAS,47 - PEDRAZA,NA,44,BARRANCAS,44,47,PEDRAZA,47
05 - MEDELLÍN,50 - VILLAVICENCIO,NA,05,MEDELLÍN,05,50,VILLAVICENCIO,50
08 - BARRANQUILLA,50 - VILLAVICENCIO,NA,08,BARRANQUILLA,08,50,VILLAVICENCIO,50
"11 - BOGOTÁ, D.C.",50 - VILLAVICENCIO,NA,11,"BOGOTÁ, D.C.",11,50,VILLAVICENCIO,50
13 - CARTAGENA DE INDIAS,50 - VILLAVICENCIO,NA,13,CARTAGENA DE INDIAS,13,50,VILLAVICENCIO,50
15 - TUNJA,50 - VILLAVICENCIO,NA,15,TUNJA,15,50,VILLAVICENCIO,50
17 - MANIZALES,50 - VILLAVICENCIO,NA,17,MANIZALES,17,50,VILLAVICENCIO,50
18 - FLORENCIA,50 - VILLAVICENCIO,NA,18,FLORENCIA,18,50,VILLAVICENCIO,50
19 - POPAYÁN,50 - VILLAVICENCIO,NA,19,POPAYÁN,19,50,VILLAVICENCIO,50
20 - ASTREA,50 - VILLAVICENCIO,NA,20,ASTREA,20,50,VILLAVICENCIO,50
23 - MONTERÍA,50 - VILLAVICENCIO,NA,23,MONTERÍA,23,50,VILLAVICENCIO,50
25 - ALBÁN,50 - VILLAVICENCIO,NA,25,ALBÁN,25,50,VILLAVICENCIO,50
27 - RIOSUCIO,50 - VILLAVICENCIO,NA,27,RIOSUCIO,27,50,VILLAVICENCIO,50
41 - NEIVA,50 - VILLAVICENCIO,NA,41,NEIVA,41,50,VILLAVICENCIO,50
44 - BARRANCAS,50 - VILLAVICENCIO,NA,44,BARRANCAS,44,50,VILLAVICENCIO,50
47 - PEDRAZA,50 - VILLAVICENCIO,NA,47,PEDRAZA,47,50,VILLAVICENCIO,50
05 - MEDELLÍN,52 - SANDONÁ,NA,05,MEDELLÍN,05,52,SANDONÁ,52
08 - BARRANQUILLA,52 - SANDONÁ,NA,08,BARRANQUILLA,08,52,SANDONÁ,52
"11 - BOGOTÁ, D.C.",52 - SANDONÁ,NA,11,"BOGOTÁ, D.C.",11,52,SANDONÁ,52
13 - CARTAGENA DE INDIAS,52 - SANDONÁ,NA,13,CARTAGENA DE INDIAS,13,52,SANDONÁ,52
15 - TUNJA,52 - SANDONÁ,NA,15,TUNJA,15,52,SANDONÁ,52
17 - MANIZALES,52 - SANDONÁ,NA,17,MANIZALES,17,52,SANDONÁ,52
18 - FLORENCIA,52 - SANDONÁ,NA,18,FLORENCIA,18,52,SANDONÁ,52
19 - POPAYÁN,52 - SANDONÁ,NA,19,POPAYÁN,19,52,SANDONÁ,52
20 - ASTREA,52 - SANDONÁ,NA,20,ASTREA,20,52,SANDONÁ,52
23 - MONTERÍA,52 - SANDONÁ,NA,23,MONTERÍA,23,52,SANDONÁ,52
25 - ALBÁN,52 - SANDONÁ,NA,25,ALBÁN,25,52,SANDONÁ,52
27 - RIOSUCIO,52 - SANDONÁ,NA,27,RIOSUCIO,27,52,SANDONÁ,52
41 - NEIVA,52 - SANDONÁ,NA,41,NEIVA,41,52,SANDONÁ,52
44 - BARRANCAS,52 - SANDONÁ,NA,44,BARRANCAS,44,52,SANDONÁ,52
47 - PEDRAZA,52 - SANDONÁ,NA,47,PEDRAZA,47,52,SANDONÁ,52
50 - VILLAVICENCIO,52 - SANDONÁ,NA,50,VILLAVICENCIO,50,52,SANDONÁ,52
05 - MEDELLÍN,54 - SAN JOSÉ DE CÚCUTA,NA,05,MEDELLÍN,05,54,SAN JOSÉ DE CÚCUTA,54
08 - BARRANQUILLA,54 - SAN JOSÉ DE CÚCUTA,NA,08,BARRANQUILLA,08,54,SAN JOSÉ DE CÚCUTA,54
"11 - BOGOTÁ, D.C.",54 - SAN JOSÉ DE CÚCUTA,NA,11,"BOGOTÁ, D.C.",11,54,SAN JOSÉ DE CÚCUTA,54
13 - CARTAGENA DE INDIAS,54 - SAN JOSÉ DE CÚCUTA,NA,13,CARTAGENA DE INDIAS,13,54,SAN JOSÉ DE CÚCUTA,54
15 - TUNJA,54 - SAN JOSÉ DE CÚCUTA,NA,15,TUNJA,15,54,SAN JOSÉ DE CÚCUTA,54
17 - MANIZALES,54 - SAN JOSÉ DE CÚCUTA,NA,17,MANIZALES,17,54,SAN JOSÉ DE CÚCUTA,54
18 - FLORENCIA,54 - SAN JOSÉ DE CÚCUTA,NA,18,FLORENCIA,18,54,SAN JOSÉ DE CÚCUTA,54
19 - POPAYÁN,54 - SAN JOSÉ DE CÚCUTA,NA,19,POPAYÁN,19,54,SAN JOSÉ DE CÚCUTA,54
20 - ASTREA,54 - SAN JOSÉ DE CÚCUTA,NA,20,ASTREA,20,54,SAN JOSÉ DE CÚCUTA,54
23 - MONTERÍA,54 - SAN JOSÉ DE CÚCUTA,NA,23,MONTERÍA,23,54,SAN JOSÉ DE CÚCUTA,54
25 - ALBÁN,54 - SAN JOSÉ DE CÚCUTA,NA,25,ALBÁN,25,54,SAN JOSÉ DE CÚCUTA,54
27 - RIOSUCIO,54 - SAN JOSÉ DE CÚCUTA,NA,27,RIOSUCIO,27,54,SAN JOSÉ DE CÚCUTA,54
41 - NEIVA,54 - SAN JOSÉ DE CÚCUTA,NA,41,NEIVA,41,54,SAN JOSÉ DE CÚCUTA,54
44 - BARRANCAS,54 - SAN JOSÉ DE CÚCUTA,NA,44,BARRANCAS,44,54,SAN JOSÉ DE CÚCUTA,54
47 - PEDRAZA,54 - SAN JOSÉ DE CÚCUTA,NA,47,PEDRAZA,47,54,SAN JOSÉ DE CÚCUTA,54
50 - VILLAVICENCIO,54 - SAN JOSÉ DE CÚCUTA,NA,50,VILLAVICENCIO,50,54,SAN JOSÉ DE CÚCUTA,54
52 - SANDONÁ,54 - SAN JOSÉ DE CÚCUTA,NA,52,SANDONÁ,52,54,SAN JOSÉ DE CÚCUTA,54
05 - MEDELLÍN,63 - ARMENIA,NA,05,MEDELLÍN,05,63,ARMENIA,63
08 - BARRANQUILLA,63 - ARMENIA,NA,08,BARRANQUILLA,08,63,ARMENIA,63
"11 - BOGOTÁ, D.C.",63 - ARMENIA,NA,11,"BOGOTÁ, D.C.",11,63,ARMENIA,63
13 - CARTAGENA DE INDIAS,63 - ARMENIA,NA,13,CARTAGENA DE INDIAS,13,63,ARMENIA,63
15 - TUNJA,63 - ARMENIA,NA,15,TUNJA,15,63,ARMENIA,63
17 - MANIZALES,63 - ARMENIA,NA,17,MANIZALES,17,63,ARMENIA,63
18 - FLORENCIA,63 - ARMENIA,NA,18,FLORENCIA,18,63,ARMENIA,63
19 - POPAYÁN,63 - ARMENIA,NA,19,POPAYÁN,19,63,ARMENIA,63
20 - ASTREA,63 - ARMENIA,NA,20,ASTREA,20,63,ARMENIA,63
23 - MONTERÍA,63 - ARMENIA,NA,23,MONTERÍA,23,63,ARMENIA,63
25 - ALBÁN,63 - ARMENIA,NA,25,ALBÁN,25,63,ARMENIA,63
27 - RIOSUCIO,63 - ARMENIA,NA,27,RIOSUCIO,27,63,ARMENIA,63
41 - NEIVA,63 - ARMENIA,NA,41,NEIVA,41,63,ARMENIA,63
44 - BARRANCAS,63 - ARMENIA,NA,44,BARRANCAS,44,63,ARMENIA,63
47 - PEDRAZA,63 - ARMENIA,NA,47,PEDRAZA,47,63,ARMENIA,63
50 - VILLAVICENCIO,63 - ARMENIA,NA,50,VILLAVICENCIO,50,63,ARMENIA,63
52 - SANDONÁ,63 - ARMENIA,NA,52,SANDONÁ,52,63,ARMENIA,63
54 - SAN JOSÉ DE CÚCUTA,63 - ARMENIA,NA,54,SAN JOSÉ DE CÚCUTA,54,63,ARMENIA,63
05 - MEDELLÍN,66 - PEREIRA,NA,05,MEDELLÍN,05,66,PEREIRA,66
08 - BARRANQUILLA,66 - PEREIRA,NA,08,BARRANQUILLA,08,66,PEREIRA,66
"11 - BOGOTÁ, D.C.",66 - PEREIRA,NA,11,"BOGOTÁ, D.C.",11,66,PEREIRA,66
13 - CARTAGENA DE INDIAS,66 - PEREIRA,NA,13,CARTAGENA DE INDIAS,13,66,PEREIRA,66
15 - TUNJA,66 - PEREIRA,NA,15,TUNJA,15,66,PEREIRA,66
17 - MANIZALES,66 - PEREIRA,NA,17,MANIZALES,17,66,PEREIRA,66
18 - FLORENCIA,66 - PEREIRA,NA,18,FLORENCIA,18,66,PEREIRA,66
19 - POPAYÁN,66 - PEREIRA,NA,19,POPAYÁN,19,66,PEREIRA,66
20 - ASTREA,66 - PEREIRA,NA,20,ASTREA,20,66,PEREIRA,66
23 - MONTERÍA,66 - PEREIRA,NA,23,MONTERÍA,23,66,PEREIRA,66
25 - ALBÁN,66 - PEREIRA,NA,25,ALBÁN,25,66,PEREIRA,66
27 - RIOSUCIO,66 - PEREIRA,NA,27,RIOSUCIO,27,66,PEREIRA,66
41 - NEIVA,66 - PEREIRA,NA,41,NEIVA,41,66,PEREIRA,66
44 - BARRANCAS,66 - PEREIRA,NA,44,BARRANCAS,44,66,PEREIRA,66
47 - PEDRAZA,66 - PEREIRA,NA,47,PEDRAZA,47,66,PEREIRA,66
50 - VILLAVICENCIO,66 - PEREIRA,NA,50,VILLAVICENCIO,50,66,PEREIRA,66
52 - SANDONÁ,66 - PEREIRA,NA,52,SANDONÁ,52,66,PEREIRA,66
54 - SAN JOSÉ DE CÚCUTA,66 - PEREIRA,NA,54,SAN JOSÉ DE CÚCUTA,54,66,PEREIRA,66
63 - ARMENIA,66 - PEREIRA,NA,63,ARMENIA,63,66,PEREIRA,66
05 - MEDELLÍN,68 - AGUADA,NA,05,MEDELLÍN,05,68,AGUADA,68
08 - BARRANQUILLA,68 - AGUADA,NA,08,BARRANQUILLA,08,68,AGUADA,68
"11 - BOGOTÁ, D.C.",68 - AGUADA,NA,11,"BOGOTÁ, D.C.",11,68,AGUADA,68
13 - CARTAGENA DE INDIAS,68 - AGUADA,NA,13,CARTAGENA DE INDIAS,13,68,AGUADA,68
15 - TUNJA,68 - AGUADA,NA,15,TUNJA,15,68,AGUADA,68
17 - MANIZALES,68 - AGUADA,NA,17,MANIZALES,17,68,AGUADA,68
18 - FLORENCIA,68 - AGUADA,NA,18,FLORENCIA,18,68,AGUADA,68
19 - POPAYÁN,68 - AGUADA,NA,19,POPAYÁN,19,68,AGUADA,68
20 - ASTREA,68 - AGUADA,NA,20,ASTREA,20,68,AGUADA,68
23 - MONTERÍA,68 - AGUADA,NA,23,MONTERÍA,23,68,AGUADA,68
25 - ALBÁN,68 - AGUADA,NA,25,ALBÁN,25,68,AGUADA,68
27 - RIOSUCIO,68 - AGUADA,NA,27,RIOSUCIO,27,68,AGUADA,68
41 - NEIVA,68 - AGUADA,NA,41,NEIVA,41,68,AGUADA,68
44 - BARRANCAS,68 - AGUADA,NA,44,BARRANCAS,44,68,AGUADA,68
47 - PEDRAZA,68 - AGUADA,NA,47,PEDRAZA,47,68,AGUADA,68
50 - VILLAVICENCIO,68 - AGUADA,NA,50,VILLAVICENCIO,50,68,AGUADA,68
52 - SANDONÁ,68 - AGUADA,NA,52,SANDONÁ,52,68,AGUADA,68
54 - SAN JOSÉ DE CÚCUTA,68 - AGUADA,NA,54,SAN JOSÉ DE CÚCUTA,54,68,AGUADA,68
63 - ARMENIA,68 - AGUADA,NA,63,ARMENIA,63,68,AGUADA,68
66 - PEREIRA,68 - AGUADA,NA,66,PEREIRA,66,68,AGUADA,68
05 - MEDELLÍN,70 - SINCELEJO,NA,05,MEDELLÍN,05,70,SINCELEJO,70
08 - BARRANQUILLA,70 - SINCELEJO,NA,08,BARRANQUILLA,08,70,SINCELEJO,70
"11 - BOGOTÁ, D.C.",70 - SINCELEJO,NA,11,"BOGOTÁ, D.C.",11,70,SINCELEJO,70
13 - CARTAGENA DE INDIAS,70 - SINCELEJO,NA,13,CARTAGENA DE INDIAS,13,70,SINCELEJO,70
15 - TUNJA,70 - SINCELEJO,NA,15,TUNJA,15,70,SINCELEJO,70
17 - MANIZALES,70 - SINCELEJO,NA,17,MANIZALES,17,70,SINCELEJO,70
18 - FLORENCIA,70 - SINCELEJO,NA,18,FLORENCIA,18,70,SINCELEJO,70
19 - POPAYÁN,70 - SINCELEJO,NA,19,POPAYÁN,19,70,SINCELEJO,70
20 - ASTREA,70 - SINCELEJO,NA,20,ASTREA,20,70,SINCELEJO,70
23 - MONTERÍA,70 - SINCELEJO,NA,23,MONTERÍA,23,70,SINCELEJO,70
25 - ALBÁN,70 - SINCELEJO,NA,25,ALBÁN,25,70,SINCELEJO,70
27 - RIOSUCIO,70 - SINCELEJO,NA,27,RIOSUCIO,27,70,SINCELEJO,70
41 - NEIVA,70 - SINCELEJO,NA,41,NEIVA,41,70,SINCELEJO,70
44 - BARRANCAS,70 - SINCELEJO,NA,44,BARRANCAS,44,70,SINCELEJO,70
47 - PEDRAZA,70 - SINCELEJO,NA,47,PEDRAZA,47,70,SINCELEJO,70
50 - VILLAVICENCIO,70 - SINCELEJO,NA,50,VILLAVICENCIO,50,70,SINCELEJO,70
52 - SANDONÁ,70 - SINCELEJO,NA,52,SANDONÁ,52,70,SINCELEJO,70
54 - SAN JOSÉ DE CÚCUTA,70 - SINCELEJO,NA,54,SAN JOSÉ DE CÚCUTA,54,70,SINCELEJO,70
63 - ARMENIA,70 - SINCELEJO,NA,63,ARMENIA,63,70,SINCELEJO,70
66 - PEREIRA,70 - SINCELEJO,NA,66,PEREIRA,66,70,SINCELEJO,70
68 - AGUADA,70 - SINCELEJO,NA,68,AGUADA,68,70,SINCELEJO,70
05 - MEDELLÍN,73 - IBAGUÉ,NA,05,MEDELLÍN,05,73,IBAGUÉ,73
08 - BARRANQUILLA,73 - IBAGUÉ,NA,08,BARRANQUILLA,08,73,IBAGUÉ,73
"11 - BOGOTÁ, D.C.",73 - IBAGUÉ,NA,11,"BOGOTÁ, D.C.",11,73,IBAGUÉ,73
13 - CARTAGENA DE INDIAS,73 - IBAGUÉ,NA,13,CARTAGENA DE INDIAS,13,73,IBAGUÉ,73
15 - TUNJA,73 - IBAGUÉ,NA,15,TUNJA,15,73,IBAGUÉ,73
17 - MANIZALES,73 - IBAGUÉ,NA,17,MANIZALES,17,73,IBAGUÉ,73
18 - FLORENCIA,73 - IBAGUÉ,NA,18,FLORENCIA,18,73,IBAGUÉ,73
19 - POPAYÁN,73 - IBAGUÉ,NA,19,POPAYÁN,19,73,IBAGUÉ,73
20 - ASTREA,73 - IBAGUÉ,NA,20,ASTREA,20,73,IBAGUÉ,73
23 - MONTERÍA,73 - IBAGUÉ,NA,23,MONTERÍA,23,73,IBAGUÉ,73
25 - ALBÁN,73 - IBAGUÉ,NA,25,ALBÁN,25,73,IBAGUÉ,73
27 - RIOSUCIO,73 - IBAGUÉ,NA,27,RIOSUCIO,27,73,IBAGUÉ,73
41 - NEIVA,73 - IBAGUÉ,NA,41,NEIVA,41,73,IBAGUÉ,73
44 - BARRANCAS,73 - IBAGUÉ,NA,44,BARRANCAS,44,73,IBAGUÉ,73
47 - PEDRAZA,73 - IBAGUÉ,NA,47,PEDRAZA,47,73,IBAGUÉ,73
50 - VILLAVICENCIO,73 - IBAGUÉ,NA,50,VILLAVICENCIO,50,73,IBAGUÉ,73
52 - SANDONÁ,73 - IBAGUÉ,NA,52,SANDONÁ,52,73,IBAGUÉ,73
54 - SAN JOSÉ DE CÚCUTA,73 - IBAGUÉ,NA,54,SAN JOSÉ DE CÚCUTA,54,73,IBAGUÉ,73
63 - ARMENIA,73 - IBAGUÉ,NA,63,ARMENIA,63,73,IBAGUÉ,73
66 - PEREIRA,73 - IBAGUÉ,NA,66,PEREIRA,66,73,IBAGUÉ,73
68 - AGUADA,73 - IBAGUÉ,NA,68,AGUADA,68,73,IBAGUÉ,73
70 - SINCELEJO,73 - IBAGUÉ,NA,70,SINCELEJO,70,73,IBAGUÉ,73
05 - MEDELLÍN,76 - CALI,NA,05,MEDELLÍN,05,76,CALI,76
08 - BARRANQUILLA,76 - CALI,NA,08,BARRANQUILLA,08,76,CALI,76
"11 - BOGOTÁ, D.C.",76 - CALI,NA,11,"BOGOTÁ, D.C.",11,76,CALI,76
13 - CARTAGENA DE INDIAS,76 - CALI,NA,13,CARTAGENA DE INDIAS,13,76,CALI,76
15 - TUNJA,76 - CALI,NA,15,TUNJA,15,76,CALI,76
17 - MANIZALES,76 - CALI,NA,17,MANIZALES,17,76,CALI,76
18 - FLORENCIA,76 - CALI,NA,18,FLORENCIA,18,76,CALI,76
19 - POPAYÁN,76 - CALI,NA,19,POPAYÁN,19,76,CALI,76
20 - ASTREA,76 - CALI,NA,20,ASTREA,20,76,CALI,76
23 - MONTERÍA,76 - CALI,NA,23,MONTERÍA,23,76,CALI,76
25 - ALBÁN,76 - CALI,NA,25,ALBÁN,25,76,CALI,76
27 - RIOSUCIO,76 - CALI,NA,27,RIOSUCIO,27,76,CALI,76
41 - NEIVA,76 - CALI,NA,41,NEIVA,41,76,CALI,76
44 - BARRANCAS,76 - CALI,NA,44,BARRANCAS,44,76,CALI,76
47 - PEDRAZA,76 - CALI,NA,47,PEDRAZA,47,76,CALI,76
50 - VILLAVICENCIO,76 - CALI,NA,50,VILLAVICENCIO,50,76,CALI,76
52 - SANDONÁ,76 - CALI,NA,52,SANDONÁ,52,76,CALI,76
54 - SAN JOSÉ DE CÚCUTA,76 - CALI,NA,54,SAN JOSÉ DE CÚCUTA,54,76,CALI,76
63 - ARMENIA,76 - CALI,NA,63,ARMENIA,63,76,CALI,76
66 - PEREIRA,76 - CALI,NA,66,PEREIRA,66,76,CALI,76
68 - AGUADA,76 - CALI,NA,68,AGUADA,68,76,CALI,76
70 - SINCELEJO,76 - CALI,NA,70,SINCELEJO,70,76,CALI,76
73 - IBAGUÉ,76 - CALI,NA,73,IBAGUÉ,73,76,CALI,76
05 - MEDELLÍN,81 - ARAUCA,NA,05,MEDELLÍN,05,81,ARAUCA,81
08 - BARRANQUILLA,81 - ARAUCA,NA,08,BARRANQUILLA,08,81,ARAUCA,81
"11 - BOGOTÁ, D.C.",81 - ARAUCA,NA,11,"BOGOTÁ, D.C.",11,81,ARAUCA,81
13 - CARTAGENA DE INDIAS,81 - ARAUCA,NA,13,CARTAGENA DE INDIAS,13,81,ARAUCA,81
15 - TUNJA,81 - ARAUCA,NA,15,TUNJA,15,81,ARAUCA,81
17 - MANIZALES,81 - ARAUCA,NA,17,MANIZALES,17,81,ARAUCA,81
18 - FLORENCIA,81 - ARAUCA,NA,18,FLORENCIA,18,81,ARAUCA,81
19 - POPAYÁN,81 - ARAUCA,NA,19,POPAYÁN,19,81,ARAUCA,81
20 - ASTREA,81 - ARAUCA,NA,20,ASTREA,20,81,ARAUCA,81
23 - MONTERÍA,81 - ARAUCA,NA,23,MONTERÍA,23,81,ARAUCA,81
25 - ALBÁN,81 - ARAUCA,NA,25,ALBÁN,25,81,ARAUCA,81
27 - RIOSUCIO,81 - ARAUCA,NA,27,RIOSUCIO,27,81,ARAUCA,81
41 - NEIVA,81 - ARAUCA,NA,41,NEIVA,41,81,ARAUCA,81
44 - BARRANCAS,81 - ARAUCA,NA,44,BARRANCAS,44,81,ARAUCA,81
47 - PEDRAZA,81 - ARAUCA,NA,47,PEDRAZA,47,81,ARAUCA,81
50 - VILLAVICENCIO,81 - ARAUCA,NA,50,VILLAVICENCIO,50,81,ARAUCA,81
52 - SANDONÁ,81 - ARAUCA,NA,52,SANDONÁ,52,81,ARAUCA,81
54 - SAN JOSÉ DE CÚCUTA,81 - ARAUCA,NA,54,SAN JOSÉ DE CÚCUTA,54,81,ARAUCA,81
63 - ARMENIA,81 - ARAUCA,NA,63,ARMENIA,63,81,ARAUCA,81
66 - PEREIRA,81 - ARAUCA,NA,66,PEREIRA,66,81,ARAUCA,81
68 - AGUADA,81 - ARAUCA,NA,68,AGUADA,68,81,ARAUCA,81
70 - SINCELEJO,81 - ARAUCA,NA,70,SINCELEJO,70,81,ARAUCA,81
73 - IBAGUÉ,81 - ARAUCA,NA,73,IBAGUÉ,73,81,ARAUCA,81
76 - CALI,81 - ARAUCA,NA,76,CALI,76,81,ARAUCA,81
05 - MEDELLÍN,85 - YOPAL,NA,05,MEDELLÍN,05,85,YOPAL,85
08 - BARRANQUILLA,85 - YOPAL,NA,08,BARRANQUILLA,08,85,YOPAL,85
"11 - BOGOTÁ, D.C.",85 - YOPAL,NA,11,"BOGOTÁ, D.C.",11,85,YOPAL,85
13 - CARTAGENA DE INDIAS,85 - YOPAL,NA,13,CARTAGENA DE INDIAS,13,85,YOPAL,85
15 - TUNJA,85 - YOPAL,NA,15,TUNJA,15,85,YOPAL,85
17 - MANIZALES,85 - YOPAL,NA,17,MANIZALES,17,85,YOPAL,85
18 - FLORENCIA,85 - YOPAL,NA,18,FLORENCIA,18,85,YOPAL,85
19 - POPAYÁN,85 - YOPAL,NA,19,POPAYÁN,19,85,YOPAL,85
20 - ASTREA,85 - YOPAL,NA,20,ASTREA,20,85,YOPAL,85
23 - MONTERÍA,85 - YOPAL,NA,23,MONTERÍA,23,85,YOPAL,85
25 - ALBÁN,85 - YOPAL,NA,25,ALBÁN,25,85,YOPAL,85
27 - RIOSUCIO,85 - YOPAL,NA,27,RIOSUCIO,27,85,YOPAL,85
41 - NEIVA,85 - YOPAL,NA,41,NEIVA,41,85,YOPAL,85
44 - BARRANCAS,85 - YOPAL,NA,44,BARRANCAS,44,85,YOPAL,85
47 - PEDRAZA,85 - YOPAL,NA,47,PEDRAZA,47,85,YOPAL,85
50 - VILLAVICENCIO,85 - YOPAL,NA,50,VILLAVICENCIO,50,85,YOPAL,85
52 - SANDONÁ,85 - YOPAL,NA,52,SANDONÁ,52,85,YOPAL,85
54 - SAN JOSÉ DE CÚCUTA,85 - YOPAL,NA,54,SAN JOSÉ DE CÚCUTA,54,85,YOPAL,85
63 - ARMENIA,85 - YOPAL,NA,63,ARMENIA,63,85,YOPAL,85
66 - PEREIRA,85 - YOPAL,NA,66,PEREIRA,66,85,YOPAL,85
68 - AGUADA,85 - YOPAL,NA,68,AGUADA,68,85,YOPAL,85
70 - SINCELEJO,85 - YOPAL,NA,70,SINCELEJO,70,85,YOPAL,85
73 - IBAGUÉ,85 - YOPAL,NA,73,IBAGUÉ,73,85,YOPAL,85
76 - CALI,85 - YOPAL,NA,76,CALI,76,85,YOPAL,85
81 - ARAUCA,85 - YOPAL,NA,81,ARAUCA,81,85,YOPAL,85
05 - MEDELLÍN,86 - MOCOA,NA,05,MEDELLÍN,05,86,MOCOA,86
08 - BARRANQUILLA,86 - MOCOA,NA,08,BARRANQUILLA,08,86,MOCOA,86
"11 - BOGOTÁ, D.C.",86 - MOCOA,NA,11,"BOGOTÁ, D.C.",11,86,MOCOA,86
13 - CARTAGENA DE INDIAS,86 - MOCOA,NA,13,CARTAGENA DE INDIAS,13,86,MOCOA,86
15 - TUNJA,86 - MOCOA,NA,15,TUNJA,15,86,MOCOA,86
17 - MANIZALES,86 - MOCOA,NA,17,MANIZALES,17,86,MOCOA,86
18 - FLORENCIA,86 - MOCOA,NA,18,FLORENCIA,18,86,MOCOA,86
19 - POPAYÁN,86 - MOCOA,NA,19,POPAYÁN,19,86,MOCOA,86
20 - ASTREA,86 - MOCOA,NA,20,ASTREA,20,86,MOCOA,86
23 - MONTERÍA,86 - MOCOA,NA,23,MONTERÍA,23,86,MOCOA,86
25 - ALBÁN,86 - MOCOA,NA,25,ALBÁN,25,86,MOCOA,86
27 - RIOSUCIO,86 - MOCOA,NA,27,RIOSUCIO,27,86,MOCOA,86
41 - NEIVA,86 - MOCOA,NA,41,NEIVA,41,86,MOCOA,86
44 - BARRANCAS,86 - MOCOA,NA,44,BARRANCAS,44,86,MOCOA,86
47 - PEDRAZA,86 - MOCOA,NA,47,PEDRAZA,47,86,MOCOA,86
50 - VILLAVICENCIO,86 - MOCOA,NA,50,VILLAVICENCIO,50,86,MOCOA,86
52 - SANDONÁ,86 - MOCOA,NA,52,SANDONÁ,52,86,MOCOA,86
54 - SAN JOSÉ DE CÚCUTA,86 - MOCOA,NA,54,SAN JOSÉ DE CÚCUTA,54,86,MOCOA,86
63 - ARMENIA,86 - MOCOA,NA,63,ARMENIA,63,86,MOCOA,86
66 - PEREIRA,86 - MOCOA,NA,66,PEREIRA,66,86,MOCOA,86
68 - AGUADA,86 - MOCOA,NA,68,AGUADA,68,86,MOCOA,86
70 - SINCELEJO,86 - MOCOA,NA,70,SINCELEJO,70,86,MOCOA,86
73 - IBAGUÉ,86 - MOCOA,NA,73,IBAGUÉ,73,86,MOCOA,86
76 - CALI,86 - MOCOA,NA,76,CALI,76,86,MOCOA,86
81 - ARAUCA,86 - MOCOA,NA,81,ARAUCA,81,86,MOCOA,86
85 - YOPAL,86 - MOCOA,NA,85,YOPAL,85,86,MOCOA,86
05 - MEDELLÍN,88 - SAN ANDRÉS,NA,05,MEDELLÍN,05,88,SAN ANDRÉS,88
08 - BARRANQUILLA,88 - SAN ANDRÉS,NA,08,BARRANQUILLA,08,88,SAN ANDRÉS,88
"11 - BOGOTÁ, D.C.",88 - SAN ANDRÉS,NA,11,"BOGOTÁ, D.C.",11,88,SAN ANDRÉS,88
13 - CARTAGENA DE INDIAS,88 - SAN ANDRÉS,NA,13,CARTAGENA DE INDIAS,13,88,SAN ANDRÉS,88
15 - TUNJA,88 - SAN ANDRÉS,NA,15,TUNJA,15,88,SAN ANDRÉS,88
17 - MANIZALES,88 - SAN ANDRÉS,NA,17,MANIZALES,17,88,SAN ANDRÉS,88
18 - FLORENCIA,88 - SAN ANDRÉS,NA,18,FLORENCIA,18,88,SAN ANDRÉS,88
19 - POPAYÁN,88 - SAN ANDRÉS,NA,19,POPAYÁN,19,88,SAN ANDRÉS,88
20 - ASTREA,88 - SAN ANDRÉS,NA,20,ASTREA,20,88,SAN ANDRÉS,88
23 - MONTERÍA,88 - SAN ANDRÉS,NA,23,MONTERÍA,23,88,SAN ANDRÉS,88
25 - ALBÁN,88 - SAN ANDRÉS,NA,25,ALBÁN,25,88,SAN ANDRÉS,88
27 - RIOSUCIO,88 - SAN ANDRÉS,NA,27,RIOSUCIO,27,88,SAN ANDRÉS,88
41 - NEIVA,88 - SAN ANDRÉS,NA,41,NEIVA,41,88,SAN ANDRÉS,88
44 - BARRANCAS,88 - SAN ANDRÉS,NA,44,BARRANCAS,44,88,SAN ANDRÉS,88
47 - PEDRAZA,88 - SAN ANDRÉS,NA,47,PEDRAZA,47,88,SAN ANDRÉS,88
50 - VILLAVICENCIO,88 - SAN ANDRÉS,NA,50,VILLAVICENCIO,50,88,SAN ANDRÉS,88
52 - SANDONÁ,88 - SAN ANDRÉS,NA,52,SANDONÁ,52,88,SAN ANDRÉS,88
54 - SAN JOSÉ DE CÚCUTA,88 - SAN ANDRÉS,NA,54,SAN JOSÉ DE CÚCUTA,54,88,SAN ANDRÉS,88
63 - ARMENIA,88 - SAN ANDRÉS,NA,63,ARMENIA,63,88,SAN ANDRÉS,88
66 - PEREIRA,88 - SAN ANDRÉS,NA,66,PEREIRA,66,88,SAN ANDRÉS,88
68 - AGUADA,88 - SAN ANDRÉS,NA,68,AGUADA,68,88,SAN ANDRÉS,88
70 - SINCELEJO,88 - SAN ANDRÉS,NA,70,SINCELEJO,70,88,SAN ANDRÉS,88
73 - IBAGUÉ,88 - SAN ANDRÉS,NA,73,IBAGUÉ,73,88,SAN ANDRÉS,88
76 - CALI,88 - SAN ANDRÉS,NA,76,CALI,76,88,SAN ANDRÉS,88
81 - ARAUCA,88 - SAN ANDRÉS,NA,81,ARAUCA,81,88,SAN ANDRÉS,88
85 - YOPAL,88 - SAN ANDRÉS,NA,85,YOPAL,85,88,SAN ANDRÉS,88
86 - MOCOA,88 - SAN ANDRÉS,NA,86,MOCOA,86,88,SAN ANDRÉS,88
05 - MEDELLÍN,91 - LETICIA,NA,05,MEDELLÍN,05,91,LETICIA,91
08 - BARRANQUILLA,91 - LETICIA,NA,08,BARRANQUILLA,08,91,LETICIA,91
"11 - BOGOTÁ, D.C.",91 - LETICIA,NA,11,"BOGOTÁ, D.C.",11,91,LETICIA,91
13 - CARTAGENA DE INDIAS,91 - LETICIA,NA,13,CARTAGENA DE INDIAS,13,91,LETICIA,91
15 - TUNJA,91 - LETICIA,NA,15,TUNJA,15,91,LETICIA,91
17 - MANIZALES,91 - LETICIA,NA,17,MANIZALES,17,91,LETICIA,91
18 - FLORENCIA,91 - LETICIA,NA,18,FLORENCIA,18,91,LETICIA,91
19 - POPAYÁN,91 - LETICIA,NA,19,POPAYÁN,19,91,LETICIA,91
20 - ASTREA,91 - LETICIA,NA,20,ASTREA,20,91,LETICIA,91
23 - MONTERÍA,91 - LETICIA,NA,23,MONTERÍA,23,91,LETICIA,91
25 - ALBÁN,91 - LETICIA,NA,25,ALBÁN,25,91,LETICIA,91
27 - RIOSUCIO,91 - LETICIA,NA,27,RIOSUCIO,27,91,LETICIA,91
41 - NEIVA,91 - LETICIA,NA,41,NEIVA,41,91,LETICIA,91
44 - BARRANCAS,91 - LETICIA,NA,44,BARRANCAS,44,91,LETICIA,91
47 - PEDRAZA,91 - LETICIA,NA,47,PEDRAZA,47,91,LETICIA,91
50 - VILLAVICENCIO,91 - LETICIA,NA,50,VILLAVICENCIO,50,91,LETICIA,91
52 - SANDONÁ,91 - LETICIA,NA,52,SANDONÁ,52,91,LETICIA,91
54 - SAN JOSÉ DE CÚCUTA,91 - LETICIA,NA,54,SAN JOSÉ DE CÚCUTA,54,91,LETICIA,91
63 - ARMENIA,91 - LETICIA,NA,63,ARMENIA,63,91,LETICIA,91
66 - PEREIRA,91 - LETICIA,NA,66,PEREIRA,66,91,LETICIA,91
68 - AGUADA,91 - LETICIA,NA,68,AGUADA,68,91,LETICIA,91
70 - SINCELEJO,91 - LETICIA,NA,70,SINCELEJO,70,91,LETICIA,91
73 - IBAGUÉ,91 - LETICIA,NA,73,IBAGUÉ,73,91,LETICIA,91
76 - CALI,91 - LETICIA,NA,76,CALI,76,91,LETICIA,91
81 - ARAUCA,91 - LETICIA,NA,81,ARAUCA,81,91,LETICIA,91
85 - YOPAL,91 - LETICIA,NA,85,YOPAL,85,91,LETICIA,91
86 - MOCOA,91 - LETICIA,NA,86,MOCOA,86,91,LETICIA,91
88 - SAN ANDRÉS,91 - LETICIA,NA,88,SAN ANDRÉS,88,91,LETICIA,91
05 - MEDELLÍN,94 - INÍRIDA,NA,05,MEDELLÍN,05,94,INÍRIDA,94
08 - BARRANQUILLA,94 - INÍRIDA,NA,08,BARRANQUILLA,08,94,INÍRIDA,94
"11 - BOGOTÁ, D.C.",94 - INÍRIDA,NA,11,"BOGOTÁ, D.C.",11,94,INÍRIDA,94
13 - CARTAGENA DE INDIAS,94 - INÍRIDA,NA,13,CARTAGENA DE INDIAS,13,94,INÍRIDA,94
15 - TUNJA,94 - INÍRIDA,NA,15,TUNJA,15,94,INÍRIDA,94
17 - MANIZALES,94 - INÍRIDA,NA,17,MANIZALES,17,94,INÍRIDA,94
18 - FLORENCIA,94 - INÍRIDA,NA,18,FLORENCIA,18,94,INÍRIDA,94
19 - POPAYÁN,94 - INÍRIDA,NA,19,POPAYÁN,19,94,INÍRIDA,94
20 - ASTREA,94 - INÍRIDA,NA,20,ASTREA,20,94,INÍRIDA,94
23 - MONTERÍA,94 - INÍRIDA,NA,23,MONTERÍA,23,94,INÍRIDA,94
25 - ALBÁN,94 - INÍRIDA,NA,25,ALBÁN,25,94,INÍRIDA,94
27 - RIOSUCIO,94 - INÍRIDA,NA,27,RIOSUCIO,27,94,INÍRIDA,94
41 - NEIVA,94 - INÍRIDA,NA,41,NEIVA,41,94,INÍRIDA,94
44 - BARRANCAS,94 - INÍRIDA,NA,44,BARRANCAS,44,94,INÍRIDA,94
47 - PEDRAZA,94 - INÍRIDA,NA,47,PEDRAZA,47,94,INÍRIDA,94
50 - VILLAVICENCIO,94 - INÍRIDA,NA,50,VILLAVICENCIO,50,94,INÍRIDA,94
52 - SANDONÁ,94 - INÍRIDA,NA,52,SANDONÁ,52,94,INÍRIDA,94
54 - SAN JOSÉ DE CÚCUTA,94 - INÍRIDA,NA,54,SAN JOSÉ DE CÚCUTA,54,94,INÍRIDA,94
63 - ARMENIA,94 - INÍRIDA,NA,63,ARMENIA,63,94,INÍRIDA,94
66 - PEREIRA,94 - INÍRIDA,NA,66,PEREIRA,66,94,INÍRIDA,94
68 - AGUADA,94 - INÍRIDA,NA,68,AGUADA,68,94,INÍRIDA,94
70 - SINCELEJO,94 - INÍRIDA,NA,70,SINCELEJO,70,94,INÍRIDA,94
73 - IBAGUÉ,94 - INÍRIDA,NA,73,IBAGUÉ,73,94,INÍRIDA,94
76 - CALI,94 - INÍRIDA,NA,76,CALI,76,94,INÍRIDA,94
81 - ARAUCA,94 - INÍRIDA,NA,81,ARAUCA,81,94,INÍRIDA,94
85 - YOPAL,94 - INÍRIDA,NA,85,YOPAL,85,94,INÍRIDA,94
86 - MOCOA,94 - INÍRIDA,NA,86,MOCOA,86,94,INÍRIDA,94
88 - SAN ANDRÉS,94 - INÍRIDA,NA,88,SAN ANDRÉS,88,94,INÍRIDA,94
91 - LETICIA,94 - INÍRIDA,NA,91,LETICIA,91,94,INÍRIDA,94
05 - MEDELLÍN,95 - SAN JOSÉ DEL GUAVIARE,NA,05,MEDELLÍN,05,95,SAN JOSÉ DEL GUAVIARE,95
08 - BARRANQUILLA,95 - SAN JOSÉ DEL GUAVIARE,NA,08,BARRANQUILLA,08,95,SAN JOSÉ DEL GUAVIARE,95
"11 - BOGOTÁ, D.C.",95 - SAN JOSÉ DEL GUAVIARE,NA,11,"BOGOTÁ, D.C.",11,95,SAN JOSÉ DEL GUAVIARE,95
13 - CARTAGENA DE INDIAS,95 - SAN JOSÉ DEL GUAVIARE,NA,13,CARTAGENA DE INDIAS,13,95,SAN JOSÉ DEL GUAVIARE,95
15 - TUNJA,95 - SAN JOSÉ DEL GUAVIARE,NA,15,TUNJA,15,95,SAN JOSÉ DEL GUAVIARE,95
17 - MANIZALES,95 - SAN JOSÉ DEL GUAVIARE,NA,17,MANIZALES,17,95,SAN JOSÉ DEL GUAVIARE,95
18 - FLORENCIA,95 - SAN JOSÉ DEL GUAVIARE,NA,18,FLORENCIA,18,95,SAN JOSÉ DEL GUAVIARE,95
19 - POPAYÁN,95 - SAN JOSÉ DEL GUAVIARE,NA,19,POPAYÁN,19,95,SAN JOSÉ DEL GUAVIARE,95
20 - ASTREA,95 - SAN JOSÉ DEL GUAVIARE,NA,20,ASTREA,20,95,SAN JOSÉ DEL GUAVIARE,95
23 - MONTERÍA,95 - SAN JOSÉ DEL GUAVIARE,NA,23,MONTERÍA,23,95,SAN JOSÉ DEL GUAVIARE,95
25 - ALBÁN,95 - SAN JOSÉ DEL GUAVIARE,NA,25,ALBÁN,25,95,SAN JOSÉ DEL GUAVIARE,95
27 - RIOSUCIO,95 - SAN JOSÉ DEL GUAVIARE,NA,27,RIOSUCIO,27,95,SAN JOSÉ DEL GUAVIARE,95
41 - NEIVA,95 - SAN JOSÉ DEL GUAVIARE,NA,41,NEIVA,41,95,SAN JOSÉ DEL GUAVIARE,95
44 - BARRANCAS,95 - SAN JOSÉ DEL GUAVIARE,NA,44,BARRANCAS,44,95,SAN JOSÉ DEL GUAVIARE,95
47 - PEDRAZA,95 - SAN JOSÉ DEL GUAVIARE,NA,47,PEDRAZA,47,95,SAN JOSÉ DEL GUAVIARE,95
50 - VILLAVICENCIO,95 - SAN JOSÉ DEL GUAVIARE,NA,50,VILLAVICENCIO,50,95,SAN JOSÉ DEL GUAVIARE,95
52 - SANDONÁ,95 - SAN JOSÉ DEL GUAVIARE,NA,52,SANDONÁ,52,95,SAN JOSÉ DEL GUAVIARE,95
54 - SAN JOSÉ DE CÚCUTA,95 - SAN JOSÉ DEL GUAVIARE,NA,54,SAN JOSÉ DE CÚCUTA,54,95,SAN JOSÉ DEL GUAVIARE,95
63 - ARMENIA,95 - SAN JOSÉ DEL GUAVIARE,NA,63,ARMENIA,63,95,SAN JOSÉ DEL GUAVIARE,95
66 - PEREIRA,95 - SAN JOSÉ DEL GUAVIARE,NA,66,PEREIRA,66,95,SAN JOSÉ DEL GUAVIARE,95
68 - AGUADA,95 - SAN JOSÉ DEL GUAVIARE,NA,68,AGUADA,68,95,SAN JOSÉ DEL GUAVIARE,95
70 - SINCELEJO,95 - SAN JOSÉ DEL GUAVIARE,NA,70,SINCELEJO,70,95,SAN JOSÉ DEL GUAVIARE,95
73 - IBAGUÉ,95 - SAN JOSÉ DEL GUAVIARE,NA,73,IBAGUÉ,73,95,SAN JOSÉ DEL GUAVIARE,95
76 - CALI,95 - SAN JOSÉ DEL GUAVIARE,NA,76,CALI,76,95,SAN JOSÉ DEL GUAVIARE,95
81 - ARAUCA,95 - SAN JOSÉ DEL GUAVIARE,NA,81,ARAUCA,81,95,SAN JOSÉ DEL GUAVIARE,95
85 - YOPAL,95 - SAN JOSÉ DEL GUAVIARE,NA,85,YOPAL,85,95,SAN JOSÉ DEL GUAVIARE,95
86 - MOCOA,95 - SAN JOSÉ DEL GUAVIARE,NA,86,MOCOA,86,95,SAN JOSÉ DEL GUAVIARE,95
88 - SAN ANDRÉS,95 - SAN JOSÉ DEL GUAVIARE,NA,88,SAN ANDRÉS,88,95,SAN JOSÉ DEL GUAVIARE,95
91 - LETICIA,95 - SAN JOSÉ DEL GUAVIARE,NA,91,LETICIA,91,95,SAN JOSÉ DEL GUAVIARE,95
94 - INÍRIDA,95 - SAN JOSÉ DEL GUAVIARE,NA,94,INÍRIDA,94,95,SAN JOSÉ DEL GUAVIARE,95
05 - MEDELLÍN,97 - MITÚ,NA,05,MEDELLÍN,05,97,MITÚ,97
08 - BARRANQUILLA,97 - MITÚ,NA,08,BARRANQUILLA,08,97,MITÚ,97
"11 - BOGOTÁ, D.C.",97 - MITÚ,NA,11,"BOGOTÁ, D.C.",11,97,MITÚ,97
13 - CARTAGENA DE INDIAS,97 - MITÚ,NA,13,CARTAGENA DE INDIAS,13,97,MITÚ,97
15 - TUNJA,97 - MITÚ,NA,15,TUNJA,15,97,MITÚ,97
17 - MANIZALES,97 - MITÚ,NA,17,MANIZALES,17,97,MITÚ,97
18 - FLORENCIA,97 - MITÚ,NA,18,FLORENCIA,18,97,MITÚ,97
19 - POPAYÁN,97 - MITÚ,NA,19,POPAYÁN,19,97,MITÚ,97
20 - ASTREA,97 - MITÚ,NA,20,ASTREA,20,97,MITÚ,97
23 - MONTERÍA,97 - MITÚ,NA,23,MONTERÍA,23,97,MITÚ,97
25 - ALBÁN,97 - MITÚ,NA,25,ALBÁN,25,97,MITÚ,97
27 - RIOSUCIO,97 - MITÚ,NA,27,RIOSUCIO,27,97,MITÚ,97
41 - NEIVA,97 - MITÚ,NA,41,NEIVA,41,97,MITÚ,97
44 - BARRANCAS,97 - MITÚ,NA,44,BARRANCAS,44,97,MITÚ,97
47 - PEDRAZA,97 - MITÚ,NA,47,PEDRAZA,47,97,MITÚ,97
50 - VILLAVICENCIO,97 - MITÚ,NA,50,VILLAVICENCIO,50,97,MITÚ,97
52 - SANDONÁ,97 - MITÚ,NA,52,SANDONÁ,52,97,MITÚ,97
54 - SAN JOSÉ DE CÚCUTA,97 - MITÚ,NA,54,SAN JOSÉ DE CÚCUTA,54,97,MITÚ,97
63 - ARMENIA,97 - MITÚ,NA,63,ARMENIA,63,97,MITÚ,97
66 - PEREIRA,97 - MITÚ,NA,66,PEREIRA,66,97,MITÚ,97
68 - AGUADA,97 - MITÚ,NA,68,AGUADA,68,97,MITÚ,97
70 - SINCELEJO,97 - MITÚ,NA,70,SINCELEJO,70,97,MITÚ,97
73 - IBAGUÉ,97 - MITÚ,NA,73,IBAGUÉ,73,97,MITÚ,97
76 - CALI,97 - MITÚ,NA,76,CALI,76,97,MITÚ,97
81 - ARAUCA,97 - MITÚ,NA,81,ARAUCA,81,97,MITÚ,97
85 - YOPAL,97 - MITÚ,NA,85,YOPAL,85,97,MITÚ,97
86 - MOCOA,97 - MITÚ,NA,86,MOCOA,86,97,MITÚ,97
88 - SAN ANDRÉS,97 - MITÚ,NA,88,SAN ANDRÉS,88,97,MITÚ,97
91 - LETICIA,97 - MITÚ,NA,91,LETICIA,91,97,MITÚ,97
94 - INÍRIDA,97 - MITÚ,NA,94,INÍRIDA,94,97,MITÚ,97
95 - SAN JOSÉ DEL GUAVIARE,97 - MITÚ,NA,95,SAN JOSÉ DEL GUAVIARE,95,97,MITÚ,97
05 - MEDELLÍN,99 - SANTA ROSALÍA,NA,05,MEDELLÍN,05,99,SANTA ROSALÍA,99
08 - BARRANQUILLA,99 - SANTA ROSALÍA,NA,08,BARRANQUILLA,08,99,SANTA ROSALÍA,99
"11 - BOGOTÁ, D.C.",99 - SANTA ROSALÍA,NA,11,"BOGOTÁ, D.C.",11,99,SANTA ROSALÍA,99
13 - CARTAGENA DE INDIAS,99 - SANTA ROSALÍA,NA,13,CARTAGENA DE INDIAS,13,99,SANTA ROSALÍA,99
15 - TUNJA,99 - SANTA ROSALÍA,NA,15,TUNJA,15,99,SANTA ROSALÍA,99
17 - MANIZALES,99 - SANTA ROSALÍA,NA,17,MANIZALES,17,99,SANTA ROSALÍA,99
18 - FLORENCIA,99 - SANTA ROSALÍA,NA,18,FLORENCIA,18,99,SANTA ROSALÍA,99
19 - POPAYÁN,99 - SANTA ROSALÍA,NA,19,POPAYÁN,19,99,SANTA ROSALÍA,99
20 - ASTREA,99 - SANTA ROSALÍA,NA,20,ASTREA,20,99,SANTA ROSALÍA,99
23 - MONTERÍA,99 - SANTA ROSALÍA,NA,23,MONTERÍA,23,99,SANTA ROSALÍA,99
25 - ALBÁN,99 - SANTA ROSALÍA,NA,25,ALBÁN,25,99,SANTA ROSALÍA,99
27 - RIOSUCIO,99 - SANTA ROSALÍA,NA,27,RIOSUCIO,27,99,SANTA ROSALÍA,99
41 - NEIVA,99 - SANTA ROSALÍA,NA,41,NEIVA,41,99,SANTA ROSALÍA,99
44 - BARRANCAS,99 - SANTA ROSALÍA,NA,44,BARRANCAS,44,99,SANTA ROSALÍA,99
47 - PEDRAZA,99 - SANTA ROSALÍA,NA,47,PEDRAZA,47,99,SANTA ROSALÍA,99
50 - VILLAVICENCIO,99 - SANTA ROSALÍA,NA,50,VILLAVICENCIO,50,99,SANTA ROSALÍA,99
52 - SANDONÁ,99 - SANTA ROSALÍA,NA,52,SANDONÁ,52,99,SANTA ROSALÍA,99
54 - SAN JOSÉ DE CÚCUTA,99 - SANTA ROSALÍA,NA,54,SAN JOSÉ DE CÚCUTA,54,99,SANTA ROSALÍA,99
63 - ARMENIA,99 - SANTA ROSALÍA,NA,63,ARMENIA,63,99,SANTA ROSALÍA,99
66 - PEREIRA,99 - SANTA ROSALÍA,NA,66,PEREIRA,66,99,SANTA ROSALÍA,99
68 - AGUADA,99 - SANTA ROSALÍA,NA,68,AGUADA,68,99,SANTA ROSALÍA,99
70 - SINCELEJO,99 - SANTA ROSALÍA,NA,70,SINCELEJO,70,99,SANTA ROSALÍA,99
73 - IBAGUÉ,99 - SANTA ROSALÍA,NA,73,IBAGUÉ,73,99,SANTA ROSALÍA,99
76 - CALI,99 - SANTA ROSALÍA,NA,76,CALI,76,99,SANTA ROSALÍA,99
81 - ARAUCA,99 - SANTA ROSALÍA,NA,81,ARAUCA,81,99,SANTA ROSALÍA,99
85 - YOPAL,99 - SANTA ROSALÍA,NA,85,YOPAL,85,99,SANTA ROSALÍA,99
86 - MOCOA,99 - SANTA ROSALÍA,NA,86,MOCOA,86,99,SANTA ROSALÍA,99
88 - SAN ANDRÉS,99 - SANTA ROSALÍA,NA,88,SAN ANDRÉS,88,99,SANTA ROSALÍA,99
91 - LETICIA,99 - SANTA ROSALÍA,NA,91,LETICIA,91,99,SANTA ROSALÍA,99
94 - INÍRIDA,99 - SANTA ROSALÍA,NA,94,INÍRIDA,94,99,SANTA ROSALÍA,99
95 - SAN JOSÉ DEL GUAVIARE,99 - SANTA ROSALÍA,NA,95,SAN JOSÉ DEL GUAVIARE,95,99,SANTA ROSALÍA,99
97 - MITÚ,99 - SANTA ROSALÍA,NA,97,MITÚ,97,99,SANTA ROSALÍA,99
