from_id,to_id,dist_km,dur_min
63 - ARMENIA,66 - PEREIRA,62.51,84.926
17 - MANIZALES,66 - PEREIRA,72.09,83.29366666666667
63 - ARMENIA,73 - IBAGUÉ,94.52,109.12183333333334
17 - MANIZALES,63 - ARMENIA,110.72,137.89066666666668
15 - TUNJA,68 - AGUADA,113.77,153.54716666666667
08 - BARRANQUILLA,13 - CARTAGENA DE INDIAS,118.68,102.76866666666666
66 - PEREIRA,73 - IBAGUÉ,123.38,145.25716666666668
08 - BARRANQUILLA,47 - PEDRAZA,133.45,236.55616666666668
19 - POPAYÁN,76 - CALI,145.47,199.72383333333335
23 - MONTERÍA,70 - SINCELEJO,147.4,137.68366666666668
47 - PEDRAZA,70 - SINCELEJO,167.06,181.42033333333333
17 - MANIZALES,73 - IBAGUÉ,171.4,200.59633333333335
25 - ALBÁN,73 - IBAGUÉ,175.66,183.09099999999998
63 - ARMENIA,76 - CALI,181.47,193.82466666666667
25 - ALBÁN,50 - VILLAVICENCIO,181.71,179.02616666666665
15 - TUNJA,25 - ALBÁN,185.24,190.97916666666666
13 - CARTAGENA DE INDIAS,70 - SINCELEJO,190.54,153.1345
52 - SANDONÁ,86 - MOCOA,195.33,260.467
13 - CARTAGENA DE INDIAS,47 - PEDRAZA,208.24,219.80450000000002
05 - MEDELLÍN,17 - MANIZALES,218.04,219.8671666666667
66 - PEREIRA,76 - CALI,218.44,218.61616666666666
41 - NEIVA,73 - IBAGUÉ,219.61,192.94633333333334
18 - FLORENCIA,86 - MOCOA,229.36,186.09099999999998
18 - FLORENCIA,41 - NEIVA,233.57,180.02366666666666
17 - MANIZALES,25 - ALBÁN,234.78,265.96633333333335
20 - ASTREA,47 - PEDRAZA,236.8,236.689
15 - TUNJA,85 - YOPAL,254.25,301.8411666666667
08 - BARRANQUILLA,70 - SINCELEJO,257.88,192.61499999999998
05 - MEDELLÍN,66 - PEREIRA,258.52,254.30983333333333
19 - POPAYÁN,52 - SANDONÁ,264.65,357.992
25 - ALBÁN,63 - ARMENIA,265.07,283.42600000000004
15 - TUNJA,50 - VILLAVICENCIO,269.63,256.74816666666663
18 - FLORENCIA,19 - POPAYÁN,271.87,346.84933333333333
17 - MANIZALES,76 - CALI,272.63,273.3351666666667
25 - ALBÁN,68 - AGUADA,276.35,282.70466666666664
19 - POPAYÁN,41 - NEIVA,278.22,316.0466666666667
73 - IBAGUÉ,76 - CALI,278.5,316.01666666666665
08 - BARRANQUILLA,20 - ASTREA,284.21,222.625
19 - POPAYÁN,86 - MOCOA,286.25,357.03933333333333
20 - ASTREA,70 - SINCELEJO,300.94,228.03966666666665
25 - ALBÁN,66 - PEREIRA,301.32,327.9035
41 - NEIVA,63 - ARMENIA,302.02,287.5955
23 - MONTERÍA,47 - PEDRAZA,303.46,302.9001666666666
50 - VILLAVICENCIO,73 - IBAGUÉ,307.11,315.64833333333337
19 - POPAYÁN,63 - ARMENIA,307.81,349.53683333333333
25 - ALBÁN,41 - NEIVA,308.13,290.5586666666667
50 - VILLAVICENCIO,85 - YOPAL,310.2,270.02483333333333
05 - MEDELLÍN,63 - ARMENIA,315.44,319.706
68 - AGUADA,85 - YOPAL,320.46,374.0945
13 - CARTAGENA DE INDIAS,23 - MONTERÍA,322.62,272.69
41 - NEIVA,86 - MOCOA,330.04,248.37483333333333
19 - POPAYÁN,66 - PEREIRA,338.2,365.8258333333333
41 - NEIVA,66 - PEREIRA,338.27,332.07283333333334
13 - CARTAGENA DE INDIAS,20 - ASTREA,342.05,266.4885
05 - MEDELLÍN,25 - ALBÁN,342.57,364.42133333333334
15 - TUNJA,73 - IBAGUÉ,343.7,357.39616666666666
05 - MEDELLÍN,68 - AGUADA,360.42,364.44
50 - VILLAVICENCIO,68 - AGUADA,369.76,359.9368333333333
05 - MEDELLÍN,73 - IBAGUÉ,376.12,382.4116666666667
17 - MANIZALES,41 - NEIVA,376.89,360.8455
41 - NEIVA,76 - CALI,377.94,447.033
50 - VILLAVICENCIO,63 - ARMENIA,389.53,410.29749999999996
08 - BARRANQUILLA,23 - MONTERÍA,389.95,312.17033333333336
19 - POPAYÁN,73 - IBAGUÉ,394.58,449.7545
52 - SANDONÁ,76 - CALI,396.43,527.3548333333333
17 - MANIZALES,19 - POPAYÁN,400.91,435.54150000000004
18 - FLORENCIA,76 - CALI,405.35,468.50533333333334
17 - MANIZALES,50 - VILLAVICENCIO,407.62,440.856
15 - TUNJA,17 - MANIZALES,411,451.7246666666667
05 - MEDELLÍN,15 - TUNJA,418.99,406.5021666666667
41 - NEIVA,50 - VILLAVICENCIO,419.87,368.9841666666667
05 - MEDELLÍN,23 - MONTERÍA,420.59,409.1605
76 - CALI,86 - MOCOA,421.94,530.4658333333333
18 - FLORENCIA,52 - SANDONÁ,423.38,444.89966666666663
50 - VILLAVICENCIO,66 - PEREIRA,425.78,454.77483333333333
15 - TUNJA,63 - ARMENIA,426.12,452.0455
20 - ASTREA,23 - MONTERÍA,433.02,347.59516666666667
54 - SAN JOSÉ DE CÚCUTA,68 - AGUADA,435.76,365.20849999999996
18 - FLORENCIA,73 - IBAGUÉ,436.48,343.7031666666666
15 - TUNJA,54 - SAN JOSÉ DE CÚCUTA,446.63,406.386
20 - ASTREA,54 - SAN JOSÉ DE CÚCUTA,447.1,412.424
05 - MEDELLÍN,76 - CALI,447.8,436.21666666666664
25 - ALBÁN,76 - CALI,448.34,473.2271666666667
15 - TUNJA,41 - NEIVA,461.15,431.1155
15 - TUNJA,66 - PEREIRA,462.37,496.5228333333333
25 - ALBÁN,85 - YOPAL,463.16,408.83816666666667
05 - MEDELLÍN,70 - SINCELEJO,466.75,415.90183333333334
68 - AGUADA,73 - IBAGUÉ,488.01,447.08916666666664
63 - ARMENIA,68 - AGUADA,514.7,531.9415
18 - FLORENCIA,63 - ARMENIA,518.89,438.3523333333333
41 - NEIVA,52 - SANDONÁ,524.06,507.18333333333334
05 - MEDELLÍN,50 - VILLAVICENCIO,524.27,543.4415
18 - FLORENCIA,25 - ALBÁN,524.49,442.08816666666667
17 - MANIZALES,68 - AGUADA,532.6,531.908
73 - IBAGUÉ,86 - MOCOA,535.24,410.60333333333335
66 - PEREIRA,68 - AGUADA,543.56,568.0768333333333
41 - NEIVA,68 - AGUADA,550.67,525.5153333333333
18 - FLORENCIA,66 - PEREIRA,555.14,482.82983333333334
52 - SANDONÁ,63 - ARMENIA,558.76,677.1678333333333
19 - POPAYÁN,25 - ALBÁN,569.13,578.1111666666667
50 - VILLAVICENCIO,76 - CALI,572.81,600.0985000000001
05 - MEDELLÍN,19 - POPAYÁN,576.08,598.4228333333334
54 - SAN JOSÉ DE CÚCUTA,85 - YOPAL,585.06,575.7461666666666
73 - IBAGUÉ,85 - YOPAL,588.58,528.3036666666667
52 - SANDONÁ,66 - PEREIRA,589.16,693.4568333333334
17 - MANIZALES,18 - FLORENCIA,593.51,511.6256666666667
54 - SAN JOSÉ DE CÚCUTA,70 - SINCELEJO,594.63,505.20866666666666
23 - MONTERÍA,68 - AGUADA,600.12,573.1115000000001
05 - MEDELLÍN,41 - NEIVA,603.07,537.2075
15 - TUNJA,76 - CALI,609.39,641.8465
63 - ARMENIA,86 - MOCOA,612.02,487.5221666666667
05 - MEDELLÍN,54 - SAN JOSÉ DE CÚCUTA,613.82,475.2145
25 - ALBÁN,86 - MOCOA,620.14,508.7096666666667
05 - MEDELLÍN,47 - PEDRAZA,622.81,581.1181666666666
20 - ASTREA,68 - AGUADA,628.34,504.08983333333333
05 - MEDELLÍN,85 - YOPAL,632.45,667.8534999999999
47 - PEDRAZA,54 - SAN JOSÉ DE CÚCUTA,633.41,582.474
18 - FLORENCIA,50 - VILLAVICENCIO,636.74,519.7411666666667
17 - MANIZALES,23 - MONTERÍA,637.73,621.2189999999999
15 - TUNJA,20 - ASTREA,638.56,546.3496666666667
66 - PEREIRA,86 - MOCOA,640.88,523.6573333333333
68 - AGUADA,70 - SINCELEJO,645.92,578.1676666666666
05 - MEDELLÍN,13 - CARTAGENA DE INDIAS,646.96,552.8985
05 - MEDELLÍN,20 - ASTREA,647.66,512.216
17 - MANIZALES,52 - SANDONÁ,651.66,762.6283333333333
15 - TUNJA,23 - MONTERÍA,658.65,614.6015
63 - ARMENIA,85 - YOPAL,665.35,605.2225
25 - ALBÁN,54 - SAN JOSÉ DE CÚCUTA,672.14,535.8053333333334
15 - TUNJA,18 - FLORENCIA,677.77,581.8956666666667
23 - MONTERÍA,66 - PEREIRA,679.6,642.1669999999999
08 - BARRANQUILLA,54 - SAN JOSÉ DE CÚCUTA,680.9,568.3451666666666
19 - POPAYÁN,50 - VILLAVICENCIO,681.38,655.7641666666666
23 - MONTERÍA,25 - ALBÁN,681.46,606.4881666666666
17 - MANIZALES,70 - SINCELEJO,683.89,627.9601666666666
17 - MANIZALES,86 - MOCOA,688.9,578.9965
17 - MANIZALES,85 - YOPAL,689.06,670.6681666666666
66 - PEREIRA,85 - YOPAL,694.21,641.3578333333334
41 - NEIVA,85 - YOPAL,701.31,598.7963333333333
15 - TUNJA,70 - SINCELEJO,704.81,621.3428333333334
20 - ASTREA,25 - ALBÁN,705.5,569.603
05 - MEDELLÍN,08 - BARRANQUILLA,713.76,592.259
13 - CARTAGENA DE INDIAS,54 - SAN JOSÉ DE CÚCUTA,716.02,601.2415
52 - SANDONÁ,73 - IBAGUÉ,726.6,667.6881666666667
25 - ALBÁN,70 - SINCELEJO,727.53,616.2023333333333
66 - PEREIRA,70 - SINCELEJO,728.73,667.3598333333333
23 - MONTERÍA,54 - SAN JOSÉ DE CÚCUTA,731.38,627.8306666666666
15 - TUNJA,19 - POPAYÁN,732.2,737.6246666666667
50 - VILLAVICENCIO,86 - MOCOA,734.99,606.3088333333333
23 - MONTERÍA,63 - ARMENIA,736.53,707.5631666666667
54 - SAN JOSÉ DE CÚCUTA,73 - IBAGUÉ,739.87,572.5591666666667
23 - MONTERÍA,73 - IBAGUÉ,750.51,633.0143333333333
50 - VILLAVICENCIO,54 - SAN JOSÉ DE CÚCUTA,754.49,636.6273333333334
68 - AGUADA,76 - CALI,760.69,737.2253333333333
18 - FLORENCIA,68 - AGUADA,767.54,676.2721666666667
15 - TUNJA,86 - MOCOA,773.16,649.2665
20 - ASTREA,73 - IBAGUÉ,774.56,596.1291666666667
17 - MANIZALES,54 - SAN JOSÉ DE CÚCUTA,786,642.6826666666667
70 - SINCELEJO,73 - IBAGUÉ,796.47,639.6415
19 - POPAYÁN,68 - AGUADA,812.18,812.2951666666667
25 - ALBÁN,52 - SANDONÁ,814.15,767.5181666666666
47 - PEDRAZA,68 - AGUADA,814.64,674.1398333333333
05 - MEDELLÍN,18 - FLORENCIA,819.69,687.9876666666667
17 - MANIZALES,20 - ASTREA,819.84,679.6841666666667
15 - TUNJA,47 - PEDRAZA,825.12,716.481
05 - MEDELLÍN,52 - SANDONÁ,826.83,925.5096666666667
54 - SAN JOSÉ DE CÚCUTA,63 - ARMENIA,829.28,672.8941666666667
17 - MANIZALES,47 - PEDRAZA,839.96,793.1766666666666
76 - CALI,85 - YOPAL,844.63,788.8803333333333
68 - AGUADA,86 - MOCOA,861.41,756.2775
08 - BARRANQUILLA,68 - AGUADA,862.13,660.0110000000001
23 - MONTERÍA,50 - VILLAVICENCIO,863.17,785.5083333333333
20 - ASTREA,63 - ARMENIA,863.97,696.4643333333333
54 - SAN JOSÉ DE CÚCUTA,66 - PEREIRA,864.09,714.7076666666667
13 - CARTAGENA DE INDIAS,17 - MANIZALES,864.81,751.6428333333333
23 - MONTERÍA,76 - CALI,868.89,824.0738333333334
08 - BARRANQUILLA,15 - TUNJA,871.34,702.4216666666667
23 - MONTERÍA,85 - YOPAL,872.15,876.525
20 - ASTREA,85 - YOPAL,878.31,796.7148333333333
47 - PEDRAZA,66 - PEREIRA,881.81,814.3715
63 - ARMENIA,70 - SINCELEJO,883.78,725.6788333333334
20 - ASTREA,50 - VILLAVICENCIO,887.21,748.6231666666666
25 - ALBÁN,47 - PEDRAZA,892.55,742.9381666666667
13 - CARTAGENA DE INDIAS,68 - AGUADA,897.25,692.9073333333333
20 - ASTREA,66 - PEREIRA,898.77,738.2776666666667
13 - CARTAGENA DE INDIAS,66 - PEREIRA,905.29,786.0856666666666
13 - CARTAGENA DE INDIAS,15 - TUNJA,906.46,735.3181666666666
13 - CARTAGENA DE INDIAS,25 - ALBÁN,907.15,750.4066666666666
70 - SINCELEJO,76 - CALI,914.84,830.7008333333334
05 - MEDELLÍN,86 - MOCOA,915.08,755.3585
70 - SINCELEJO,85 - YOPAL,918.11,883.152
18 - FLORENCIA,85 - YOPAL,918.18,749.5531666666667
50 - VILLAVICENCIO,70 - SINCELEJO,922.17,793.5481666666667
50 - VILLAVICENCIO,52 - SANDONÁ,929,865.1173333333334
41 - NEIVA,54 - SAN JOSÉ DE CÚCUTA,932.02,707.8931666666666
08 - BARRANQUILLA,17 - MANIZALES,932.15,791.1233333333333
08 - BARRANQUILLA,25 - ALBÁN,939.3,725.524
23 - MONTERÍA,41 - NEIVA,941.97,779.2743333333333
47 - PEDRAZA,73 - IBAGUÉ,960.86,766.1791666666667
13 - CARTAGENA DE INDIAS,63 - ARMENIA,962.21,851.4816666666667
19 - POPAYÁN,85 - YOPAL,962.82,885.5761666666666
20 - ASTREA,41 - NEIVA,966.01,742.3891666666666
15 - TUNJA,52 - SANDONÁ,967.17,908.075
08 - BARRANQUILLA,66 - PEREIRA,972.63,825.566
13 - CARTAGENA DE INDIAS,73 - IBAGUÉ,976.2,776.9330000000001
41 - NEIVA,70 - SINCELEJO,987.4,788.2901666666668
19 - POPAYÁN,23 - MONTERÍA,991.65,990.4418333333334
08 - BARRANQUILLA,73 - IBAGUÉ,1008.35,752.0503333333332
85 - YOPAL,86 - MOCOA,1012.13,825.1038333333333
54 - SAN JOSÉ DE CÚCUTA,76 - CALI,1012.55,862.6951666666666
19 - POPAYÁN,70 - SINCELEJO,1037.82,997.1831666666666
20 - ASTREA,76 - CALI,1047.24,886.2653333333333
47 - PEDRAZA,63 - ARMENIA,1050.27,866.5141666666666
52 - SANDONÁ,68 - AGUADA,1057.66,1000.2571666666666
47 - PEDRAZA,85 - YOPAL,1064.62,966.7646666666666
47 - PEDRAZA,76 - CALI,1071.09,996.2783333333333
47 - PEDRAZA,50 - VILLAVICENCIO,1073.51,918.673
13 - CARTAGENA DE INDIAS,50 - VILLAVICENCIO,1088.85,929.4268333333333
13 - CARTAGENA DE INDIAS,76 - CALI,1094.57,967.9923333333334
08 - BARRANQUILLA,63 - ARMENIA,1097.76,852.3855
08 - BARRANQUILLA,85 - YOPAL,1112.1,952.6358333333334
08 - BARRANQUILLA,50 - VILLAVICENCIO,1121,904.5443333333334
19 - POPAYÁN,54 - SAN JOSÉ DE CÚCUTA,1128.46,985.9145000000001
13 - CARTAGENA DE INDIAS,85 - YOPAL,1147.22,985.5321666666666
18 - FLORENCIA,54 - SAN JOSÉ DE CÚCUTA,1148.89,858.65
41 - NEIVA,47 - PEDRAZA,1152.42,915.0258333333334
18 - FLORENCIA,23 - MONTERÍA,1158.11,932.3058333333333
08 - BARRANQUILLA,76 - CALI,1161.91,1007.4728333333334
19 - POPAYÁN,20 - ASTREA,1162.3,1022.9159999999999
13 - CARTAGENA DE INDIAS,41 - NEIVA,1167.65,923.1928333333333
18 - FLORENCIA,20 - ASTREA,1182.73,895.6514999999999
19 - POPAYÁN,47 - PEDRAZA,1193.88,1162.3996666666667
08 - BARRANQUILLA,41 - NEIVA,1199.8,898.3103333333333
18 - FLORENCIA,70 - SINCELEJO,1204.27,939.047
52 - SANDONÁ,85 - YOPAL,1208.3,1073.5381666666667
13 - CARTAGENA DE INDIAS,19 - POPAYÁN,1222.85,1130.1985
54 - SAN JOSÉ DE CÚCUTA,86 - MOCOA,1243.33,936.9699999999999
23 - MONTERÍA,86 - MOCOA,1253.97,997.4253333333332
20 - ASTREA,86 - MOCOA,1278.02,960.5401666666668
08 - BARRANQUILLA,19 - POPAYÁN,1290.19,1169.679
70 - SINCELEJO,86 - MOCOA,1299.93,1004.0523333333333
18 - FLORENCIA,47 - PEDRAZA,1369.29,1065.7826666666667
13 - CARTAGENA DE INDIAS,18 - FLORENCIA,1384.28,1073.973
08 - BARRANQUILLA,18 - FLORENCIA,1416.43,1049.0905
52 - SANDONÁ,54 - SAN JOSÉ DE CÚCUTA,1439.01,1182.635
23 - MONTERÍA,52 - SANDONÁ,1447.99,1256.2338333333332
47 - PEDRAZA,86 - MOCOA,1464.32,1130.5901666666666
20 - ASTREA,52 - SANDONÁ,1472.03,1219.3486666666665
13 - CARTAGENA DE INDIAS,86 - MOCOA,1479.66,1141.3438333333334
52 - SANDONÁ,70 - SINCELEJO,1494.39,1263.0321666666666
08 - BARRANQUILLA,86 - MOCOA,1511.81,1116.4613333333332
47 - PEDRAZA,52 - SANDONÁ,1658.34,1389.3986666666667
13 - CARTAGENA DE INDIAS,52 - SANDONÁ,1673.68,1400.1525
08 - BARRANQUILLA,52 - SANDONÁ,1705.83,1375.2698333333333
05 - MEDELLÍN,"11 - BOGOTÁ, D.C.",NA,NA
08 - BARRANQUILLA,"11 - BOGOTÁ, D.C.",NA,NA
"11 - BOGOTÁ, D.C.",13 - CARTAGENA DE INDIAS,NA,NA
"11 - BOGOTÁ, D.C.",15 - TUNJA,NA,NA
"11 - BOGOTÁ, D.C.",17 - MANIZALES,NA,NA
"11 - BOGOTÁ, D.C.",18 - FLORENCIA,NA,NA
"11 - BOGOTÁ, D.C.",19 - POPAYÁN,NA,NA
"11 - BOGOTÁ, D.C.",20 - ASTREA,NA,NA
"11 - BOGOTÁ, D.C.",23 - MONTERÍA,NA,NA
"11 - BOGOTÁ, D.C.",25 - ALBÁN,NA,NA
05 - MEDELLÍN,27 - RIOSUCIO,NA,NA
08 - BARRANQUILLA,27 - RIOSUCIO,NA,NA
"11 - BOGOTÁ, D.C.",27 - RIOSUCIO,NA,NA
13 - CARTAGENA DE INDIAS,27 - RIOSUCIO,NA,NA
15 - TUNJA,27 - RIOSUCIO,NA,NA
17 - MANIZALES,27 - RIOSUCIO,NA,NA
18 - FLORENCIA,27 - RIOSUCIO,NA,NA
19 - POPAYÁN,27 - RIOSUCIO,NA,NA
20 - ASTREA,27 - RIOSUCIO,NA,NA
23 - MONTERÍA,27 - RIOSUCIO,NA,NA
25 - ALBÁN,27 - RIOSUCIO,NA,NA
"11 - BOGOTÁ, D.C.",41 - NEIVA,NA,NA
27 - RIOSUCIO,41 - NEIVA,NA,NA
05 - MEDELLÍN,44 - BARRANCAS,NA,NA
08 - BARRANQUILLA,44 - BARRANCAS,NA,NA
"11 - BOGOTÁ, D.C.",44 - BARRANCAS,NA,NA
13 - CARTAGENA DE INDIAS,44 - BARRANCAS,NA,NA
15 - TUNJA,44 - BARRANCAS,NA,NA
17 - MANIZALES,44 - BARRANCAS,NA,NA
18 - FLORENCIA,44 - BARRANCAS,NA,NA
19 - POPAYÁN,44 - BARRANCAS,NA,NA
20 - ASTREA,44 - BARRANCAS,NA,NA
23 - MONTERÍA,44 - BARRANCAS,NA,NA
25 - ALBÁN,44 - BARRANCAS,NA,NA
27 - RIOSUCIO,44 - BARRANCAS,NA,NA
41 - NEIVA,44 - BARRANCAS,NA,NA
"11 - BOGOTÁ, D.C.",47 - PEDRAZA,NA,NA
27 - RIOSUCIO,47 - PEDRAZA,NA,NA
44 - BARRANCAS,47 - PEDRAZA,NA,NA
"11 - BOGOTÁ, D.C.",50 - VILLAVICENCIO,NA,NA
27 - RIOSUCIO,50 - VILLAVICENCIO,NA,NA
44 - BARRANCAS,50 - VILLAVICENCIO,NA,NA
"11 - BOGOTÁ, D.C.",52 - SANDONÁ,NA,NA
27 - RIOSUCIO,52 - SANDONÁ,NA,NA
44 - BARRANCAS,52 - SANDONÁ,NA,NA
"11 - BOGOTÁ, D.C.",54 - SAN JOSÉ DE CÚCUTA,NA,NA
27 - RIOSUCIO,54 - SAN JOSÉ DE CÚCUTA,NA,NA
44 - BARRANCAS,54 - SAN JOSÉ DE CÚCUTA,NA,NA
"11 - BOGOTÁ, D.C.",63 - ARMENIA,NA,NA
27 - RIOSUCIO,63 - ARMENIA,NA,NA
44 - BARRANCAS,63 - ARMENIA,NA,NA
"11 - BOGOTÁ, D.C.",66 - PEREIRA,NA,NA
27 - RIOSUCIO,66 - PEREIRA,NA,NA
44 - BARRANCAS,66 - PEREIRA,NA,NA
"11 - BOGOTÁ, D.C.",68 - AGUADA,NA,NA
27 - RIOSUCIO,68 - AGUADA,NA,NA
44 - BARRANCAS,68 - AGUADA,NA,NA
"11 - BOGOTÁ, D.C.",70 - SINCELEJO,NA,NA
27 - RIOSUCIO,70 - SINCELEJO,NA,NA
44 - BARRANCAS,70 - SINCELEJO,NA,NA
"11 - BOGOTÁ, D.C.",73 - IBAGUÉ,NA,NA
27 - RIOSUCIO,73 - IBAGUÉ,NA,NA
44 - BARRANCAS,73 - IBAGUÉ,NA,NA
"11 - BOGOTÁ, D.C.",76 - CALI,NA,NA
27 - RIOSUCIO,76 - CALI,NA,NA
44 - BARRANCAS,76 - CALI,NA,NA
05 - MEDELLÍN,81 - ARAUCA,NA,NA
08 - BARRANQUILLA,81 - ARAUCA,NA,NA
"11 - BOGOTÁ, D.C.",81 - ARAUCA,NA,NA
13 - CARTAGENA DE INDIAS,81 - ARAUCA,NA,NA
15 - TUNJA,81 - ARAUCA,NA,NA
17 - MANIZALES,81 - ARAUCA,NA,NA
18 - FLORENCIA,81 - ARAUCA,NA,NA
19 - POPAYÁN,81 - ARAUCA,NA,NA
20 - ASTREA,81 - ARAUCA,NA,NA
23 - MONTERÍA,81 - ARAUCA,NA,NA
25 - ALBÁN,81 - ARAUCA,NA,NA
27 - RIOSUCIO,81 - ARAUCA,NA,NA
41 - NEIVA,81 - ARAUCA,NA,NA
44 - BARRANCAS,81 - ARAUCA,NA,NA
47 - PEDRAZA,81 - ARAUCA,NA,NA
50 - VILLAVICENCIO,81 - ARAUCA,NA,NA
52 - SANDONÁ,81 - ARAUCA,NA,NA
54 - SAN JOSÉ DE CÚCUTA,81 - ARAUCA,NA,NA
63 - ARMENIA,81 - ARAUCA,NA,NA
66 - PEREIRA,81 - ARAUCA,NA,NA
68 - AGUADA,81 - ARAUCA,NA,NA
70 - SINCELEJO,81 - ARAUCA,NA,NA
73 - IBAGUÉ,81 - ARAUCA,NA,NA
76 - CALI,81 - ARAUCA,NA,NA
"11 - BOGOTÁ, D.C.",85 - YOPAL,NA,NA
27 - RIOSUCIO,85 - YOPAL,NA,NA
44 - BARRANCAS,85 - YOPAL,NA,NA
81 - ARAUCA,85 - YOPAL,NA,NA
"11 - BOGOTÁ, D.C.",86 - MOCOA,NA,NA
27 - RIOSUCIO,86 - MOCOA,NA,NA
44 - BARRANCAS,86 - MOCOA,NA,NA
81 - ARAUCA,86 - MOCOA,NA,NA
05 - MEDELLÍN,88 - SAN ANDRÉS,NA,NA
08 - BARRANQUILLA,88 - SAN ANDRÉS,NA,NA
"11 - BOGOTÁ, D.C.",88 - SAN ANDRÉS,NA,NA
13 - CARTAGENA DE INDIAS,88 - SAN ANDRÉS,NA,NA
15 - TUNJA,88 - SAN ANDRÉS,NA,NA
17 - MANIZALES,88 - SAN ANDRÉS,NA,NA
18 - FLORENCIA,88 - SAN ANDRÉS,NA,NA
19 - POPAYÁN,88 - SAN ANDRÉS,NA,NA
20 - ASTREA,88 - SAN ANDRÉS,NA,NA
23 - MONTERÍA,88 - SAN ANDRÉS,NA,NA
25 - ALBÁN,88 - SAN ANDRÉS,NA,NA
27 - RIOSUCIO,88 - SAN ANDRÉS,NA,NA
41 - NEIVA,88 - SAN ANDRÉS,NA,NA
44 - BARRANCAS,88 - SAN ANDRÉS,NA,NA
47 - PEDRAZA,88 - SAN ANDRÉS,NA,NA
50 - VILLAVICENCIO,88 - SAN ANDRÉS,NA,NA
52 - SANDONÁ,88 - SAN ANDRÉS,NA,NA
54 - SAN JOSÉ DE CÚCUTA,88 - SAN ANDRÉS,NA,NA
63 - ARMENIA,88 - SAN ANDRÉS,NA,NA
66 - PEREIRA,88 - SAN ANDRÉS,NA,NA
68 - AGUADA,88 - SAN ANDRÉS,NA,NA
70 - SINCELEJO,88 - SAN ANDRÉS,NA,NA
73 - IBAGUÉ,88 - SAN ANDRÉS,NA,NA
76 - CALI,88 - SAN ANDRÉS,NA,NA
81 - ARAUCA,88 - SAN ANDRÉS,NA,NA
85 - YOPAL,88 - SAN ANDRÉS,NA,NA
86 - MOCOA,88 - SAN ANDRÉS,NA,NA
05 - MEDELLÍN,91 - LETICIA,NA,NA
08 - BARRANQUILLA,91 - LETICIA,NA,NA
"11 - BOGOTÁ, D.C.",91 - LETICIA,NA,NA
13 - CARTAGENA DE INDIAS,91 - LETICIA,NA,NA
15 - TUNJA,91 - LETICIA,NA,NA
17 - MANIZALES,91 - LETICIA,NA,NA
18 - FLORENCIA,91 - LETICIA,NA,NA
19 - POPAYÁN,91 - LETICIA,NA,NA
20 - ASTREA,91 - LETICIA,NA,NA
23 - MONTERÍA,91 - LETICIA,NA,NA
25 - ALBÁN,91 - LETICIA,NA,NA
27 - RIOSUCIO,91 - LETICIA,NA,NA
41 - NEIVA,91 - LETICIA,NA,NA
44 - BARRANCAS,91 - LETICIA,NA,NA
47 - PEDRAZA,91 - LETICIA,NA,NA
50 - VILLAVICENCIO,91 - LETICIA,NA,NA
52 - SANDONÁ,91 - LETICIA,NA,NA
54 - SAN JOSÉ DE CÚCUTA,91 - LETICIA,NA,NA
63 - ARMENIA,91 - LETICIA,NA,NA
66 - PEREIRA,91 - LETICIA,NA,NA
68 - AGUADA,91 - LETICIA,NA,NA
70 - SINCELEJO,91 - LETICIA,NA,NA
73 - IBAGUÉ,91 - LETICIA,NA,NA
76 - CALI,91 - LETICIA,NA,NA
81 - ARAUCA,91 - LETICIA,NA,NA
85 - YOPAL,91 - LETICIA,NA,NA
86 - MOCOA,91 - LETICIA,NA,NA
88 - SAN ANDRÉS,91 - LETICIA,NA,NA
05 - MEDELLÍN,94 - INÍRIDA,NA,NA
08 - BARRANQUILLA,94 - INÍRIDA,NA,NA
"11 - BOGOTÁ, D.C.",94 - INÍRIDA,NA,NA
13 - CARTAGENA DE INDIAS,94 - INÍRIDA,NA,NA
15 - TUNJA,94 - INÍRIDA,NA,NA
17 - MANIZALES,94 - INÍRIDA,NA,NA
18 - FLORENCIA,94 - INÍRIDA,NA,NA
19 - POPAYÁN,94 - INÍRIDA,NA,NA
20 - ASTREA,94 - INÍRIDA,NA,NA
23 - MONTERÍA,94 - INÍRIDA,NA,NA
25 - ALBÁN,94 - INÍRIDA,NA,NA
27 - RIOSUCIO,94 - INÍRIDA,NA,NA
41 - NEIVA,94 - INÍRIDA,NA,NA
44 - BARRANCAS,94 - INÍRIDA,NA,NA
47 - PEDRAZA,94 - INÍRIDA,NA,NA
50 - VILLAVICENCIO,94 - INÍRIDA,NA,NA
52 - SANDONÁ,94 - INÍRIDA,NA,NA
54 - SAN JOSÉ DE CÚCUTA,94 - INÍRIDA,NA,NA
63 - ARMENIA,94 - INÍRIDA,NA,NA
66 - PEREIRA,94 - INÍRIDA,NA,NA
68 - AGUADA,94 - INÍRIDA,NA,NA
70 - SINCELEJO,94 - INÍRIDA,NA,NA
73 - IBAGUÉ,94 - INÍRIDA,NA,NA
76 - CALI,94 - INÍRIDA,NA,NA
81 - ARAUCA,94 - INÍRIDA,NA,NA
85 - YOPAL,94 - INÍRIDA,NA,NA
86 - MOCOA,94 - INÍRIDA,NA,NA
88 - SAN ANDRÉS,94 - INÍRIDA,NA,NA
91 - LETICIA,94 - INÍRIDA,NA,NA
05 - MEDELLÍN,95 - SAN JOSÉ DEL GUAVIARE,NA,NA
08 - BARRANQUILLA,95 - SAN JOSÉ DEL GUAVIARE,NA,NA
"11 - BOGOTÁ, D.C.",95 - SAN JOSÉ DEL GUAVIARE,NA,NA
13 - CARTAGENA DE INDIAS,95 - SAN JOSÉ DEL GUAVIARE,NA,NA
15 - TUNJA,95 - SAN JOSÉ DEL GUAVIARE,NA,NA
17 - MANIZALES,95 - SAN JOSÉ DEL GUAVIARE,NA,NA
18 - FLORENCIA,95 - SAN JOSÉ DEL GUAVIARE,NA,NA
19 - POPAYÁN,95 - SAN JOSÉ DEL GUAVIARE,NA,NA
20 - ASTREA,95 - SAN JOSÉ DEL GUAVIARE,NA,NA
23 - MONTERÍA,95 - SAN JOSÉ DEL GUAVIARE,NA,NA
25 - ALBÁN,95 - SAN JOSÉ DEL GUAVIARE,NA,NA
27 - RIOSUCIO,95 - SAN JOSÉ DEL GUAVIARE,NA,NA
41 - NEIVA,95 - SAN JOSÉ DEL GUAVIARE,NA,NA
44 - BARRANCAS,95 - SAN JOSÉ DEL GUAVIARE,NA,NA
47 - PEDRAZA,95 - SAN JOSÉ DEL GUAVIARE,NA,NA
50 - VILLAVICENCIO,95 - SAN JOSÉ DEL GUAVIARE,NA,NA
52 - SANDONÁ,95 - SAN JOSÉ DEL GUAVIARE,NA,NA
54 - SAN JOSÉ DE CÚCUTA,95 - SAN JOSÉ DEL GUAVIARE,NA,NA
63 - ARMENIA,95 - SAN JOSÉ DEL GUAVIARE,NA,NA
66 - PEREIRA,95 - SAN JOSÉ DEL GUAVIARE,NA,NA
68 - AGUADA,95 - SAN JOSÉ DEL GUAVIARE,NA,NA
70 - SINCELEJO,95 - SAN JOSÉ DEL GUAVIARE,NA,NA
73 - IBAGUÉ,95 - SAN JOSÉ DEL GUAVIARE,NA,NA
76 - CALI,95 - SAN JOSÉ DEL GUAVIARE,NA,NA
81 - ARAUCA,95 - SAN JOSÉ DEL GUAVIARE,NA,NA
85 - YOPAL,95 - SAN JOSÉ DEL GUAVIARE,NA,NA
86 - MOCOA,95 - SAN JOSÉ DEL GUAVIARE,NA,NA
88 - SAN ANDRÉS,95 - SAN JOSÉ DEL GUAVIARE,NA,NA
91 - LETICIA,95 - SAN JOSÉ DEL GUAVIARE,NA,NA
94 - INÍRIDA,95 - SAN JOSÉ DEL GUAVIARE,NA,NA
05 - MEDELLÍN,97 - MITÚ,NA,NA
08 - BARRANQUILLA,97 - MITÚ,NA,NA
"11 - BOGOTÁ, D.C.",97 - MITÚ,NA,NA
13 - CARTAGENA DE INDIAS,97 - MITÚ,NA,NA
15 - TUNJA,97 - MITÚ,NA,NA
17 - MANIZALES,97 - MITÚ,NA,NA
18 - FLORENCIA,97 - MITÚ,NA,NA
19 - POPAYÁN,97 - MITÚ,NA,NA
20 - ASTREA,97 - MITÚ,NA,NA
23 - MONTERÍA,97 - MITÚ,NA,NA
25 - ALBÁN,97 - MITÚ,NA,NA
27 - RIOSUCIO,97 - MITÚ,NA,NA
41 - NEIVA,97 - MITÚ,NA,NA
44 - BARRANCAS,97 - MITÚ,NA,NA
47 - PEDRAZA,97 - MITÚ,NA,NA
50 - VILLAVICENCIO,97 - MITÚ,NA,NA
52 - SANDONÁ,97 - MITÚ,NA,NA
54 - SAN JOSÉ DE CÚCUTA,97 - MITÚ,NA,NA
63 - ARMENIA,97 - MITÚ,NA,NA
66 - PEREIRA,97 - MITÚ,NA,NA
68 - AGUADA,97 - MITÚ,NA,NA
70 - SINCELEJO,97 - MITÚ,NA,NA
73 - IBAGUÉ,97 - MITÚ,NA,NA
76 - CALI,97 - MITÚ,NA,NA
81 - ARAUCA,97 - MITÚ,NA,NA
85 - YOPAL,97 - MITÚ,NA,NA
86 - MOCOA,97 - MITÚ,NA,NA
88 - SAN ANDRÉS,97 - MITÚ,NA,NA
91 - LETICIA,97 - MITÚ,NA,NA
94 - INÍRIDA,97 - MITÚ,NA,NA
95 - SAN JOSÉ DEL GUAVIARE,97 - MITÚ,NA,NA
05 - MEDELLÍN,99 - SANTA ROSALÍA,NA,NA
08 - BARRANQUILLA,99 - SANTA ROSALÍA,NA,NA
"11 - BOGOTÁ, D.C.",99 - SANTA ROSALÍA,NA,NA
13 - CARTAGENA DE INDIAS,99 - SANTA ROSALÍA,NA,NA
15 - TUNJA,99 - SANTA ROSALÍA,NA,NA
17 - MANIZALES,99 - SANTA ROSALÍA,NA,NA
18 - FLORENCIA,99 - SANTA ROSALÍA,NA,NA
19 - POPAYÁN,99 - SANTA ROSALÍA,NA,NA
20 - ASTREA,99 - SANTA ROSALÍA,NA,NA
23 - MONTERÍA,99 - SANTA ROSALÍA,NA,NA
25 - ALBÁN,99 - SANTA ROSALÍA,NA,NA
27 - RIOSUCIO,99 - SANTA ROSALÍA,NA,NA
41 - NEIVA,99 - SANTA ROSALÍA,NA,NA
44 - BARRANCAS,99 - SANTA ROSALÍA,NA,NA
47 - PEDRAZA,99 - SANTA ROSALÍA,NA,NA
50 - VILLAVICENCIO,99 - SANTA ROSALÍA,NA,NA
52 - SANDONÁ,99 - SANTA ROSALÍA,NA,NA
54 - SAN JOSÉ DE CÚCUTA,99 - SANTA ROSALÍA,NA,NA
63 - ARMENIA,99 - SANTA ROSALÍA,NA,NA
66 - PEREIRA,99 - SANTA ROSALÍA,NA,NA
68 - AGUADA,99 - SANTA ROSALÍA,NA,NA
70 - SINCELEJO,99 - SANTA ROSALÍA,NA,NA
73 - IBAGUÉ,99 - SANTA ROSALÍA,NA,NA
76 - CALI,99 - SANTA ROSALÍA,NA,NA
81 - ARAUCA,99 - SANTA ROSALÍA,NA,NA
85 - YOPAL,99 - SANTA ROSALÍA,NA,NA
86 - MOCOA,99 - SANTA ROSALÍA,NA,NA
88 - SAN ANDRÉS,99 - SANTA ROSALÍA,NA,NA
91 - LETICIA,99 - SANTA ROSALÍA,NA,NA
94 - INÍRIDA,99 - SANTA ROSALÍA,NA,NA
95 - SAN JOSÉ DEL GUAVIARE,99 - SANTA ROSALÍA,NA,NA
97 - MITÚ,99 - SANTA ROSALÍA,NA,NA
